500 0 1 0                                           
20 Datakit CrossCadWare 5 V26.2 24 Thu Jun 11 22:49:36 2026 
1 9.9999999999999995e-007 1e-010
-0 body $1 $3 $-1 $-1 #
-1 rgb_color-st-attrib $-1 $2 $-1 $0 0.647059 0.647059 0.647059 #
-2 string_attrib-name_attrib-gen-attrib $-1 $-1 $1 $0 keep keep_kept ignore 17 ATTRIB_XACIS_NAME 4 Case #
-3 lump $-1 $-1 $4 $0 #
-4 shell $-1 $-1 $-1 $5 $-1 $3 #
-5 face $6 $7 $308 $4 $-1 $207 reversed single #
-6 rgb_color-st-attrib $-1 $-1 $-1 $5 0.647059 0.647059 0.647059 #
-7 face $8 $9 $311 $4 $-1 $208 reversed single #
-8 rgb_color-st-attrib $-1 $-1 $-1 $7 0.647059 0.647059 0.647059 #
-9 face $10 $11 $313 $4 $-1 $209 forward single #
-10 rgb_color-st-attrib $-1 $-1 $-1 $9 0.647059 0.647059 0.647059 #
-11 face $12 $13 $315 $4 $-1 $210 forward single #
-12 rgb_color-st-attrib $-1 $-1 $-1 $11 0.647059 0.647059 0.647059 #
-13 face $14 $15 $333 $4 $-1 $211 forward single #
-14 rgb_color-st-attrib $-1 $-1 $-1 $13 0.647059 0.647059 0.647059 #
-15 face $16 $17 $334 $4 $-1 $212 forward single #
-16 rgb_color-st-attrib $-1 $-1 $-1 $15 0.647059 0.647059 0.647059 #
-17 face $18 $19 $352 $4 $-1 $213 reversed single #
-18 rgb_color-st-attrib $-1 $-1 $-1 $17 0.647059 0.647059 0.647059 #
-19 face $20 $21 $354 $4 $-1 $214 forward single #
-20 rgb_color-st-attrib $-1 $-1 $-1 $19 0.647059 0.647059 0.647059 #
-21 face $22 $23 $355 $4 $-1 $215 reversed single #
-22 rgb_color-st-attrib $-1 $-1 $-1 $21 0.647059 0.647059 0.647059 #
-23 face $24 $25 $373 $4 $-1 $216 reversed single #
-24 rgb_color-st-attrib $-1 $-1 $-1 $23 0.647059 0.647059 0.647059 #
-25 face $26 $27 $391 $4 $-1 $217 reversed single #
-26 rgb_color-st-attrib $-1 $-1 $-1 $25 0.647059 0.647059 0.647059 #
-27 face $28 $29 $392 $4 $-1 $218 forward single #
-28 rgb_color-st-attrib $-1 $-1 $-1 $27 0.647059 0.647059 0.647059 #
-29 face $30 $31 $393 $4 $-1 $219 reversed single #
-30 rgb_color-st-attrib $-1 $-1 $-1 $29 0.647059 0.647059 0.647059 #
-31 face $32 $33 $394 $4 $-1 $220 forward single #
-32 rgb_color-st-attrib $-1 $-1 $-1 $31 0.647059 0.647059 0.647059 #
-33 face $34 $35 $395 $4 $-1 $221 reversed single #
-34 rgb_color-st-attrib $-1 $-1 $-1 $33 0.647059 0.647059 0.647059 #
-35 face $36 $37 $396 $4 $-1 $222 reversed single #
-36 rgb_color-st-attrib $-1 $-1 $-1 $35 0.647059 0.647059 0.647059 #
-37 face $38 $39 $397 $4 $-1 $223 reversed single #
-38 rgb_color-st-attrib $-1 $-1 $-1 $37 0.647059 0.647059 0.647059 #
-39 face $40 $41 $398 $4 $-1 $224 reversed single #
-40 rgb_color-st-attrib $-1 $-1 $-1 $39 0.647059 0.647059 0.647059 #
-41 face $42 $43 $399 $4 $-1 $225 reversed single #
-42 rgb_color-st-attrib $-1 $-1 $-1 $41 0.647059 0.647059 0.647059 #
-43 face $44 $45 $400 $4 $-1 $226 forward single #
-44 rgb_color-st-attrib $-1 $-1 $-1 $43 0.647059 0.647059 0.647059 #
-45 face $46 $47 $401 $4 $-1 $227 forward single #
-46 rgb_color-st-attrib $-1 $-1 $-1 $45 0.647059 0.647059 0.647059 #
-47 face $48 $49 $402 $4 $-1 $228 forward single #
-48 rgb_color-st-attrib $-1 $-1 $-1 $47 0.647059 0.647059 0.647059 #
-49 face $50 $51 $403 $4 $-1 $229 forward single #
-50 rgb_color-st-attrib $-1 $-1 $-1 $49 0.647059 0.647059 0.647059 #
-51 face $52 $53 $404 $4 $-1 $230 reversed single #
-52 rgb_color-st-attrib $-1 $-1 $-1 $51 0.647059 0.647059 0.647059 #
-53 face $54 $55 $405 $4 $-1 $231 reversed single #
-54 rgb_color-st-attrib $-1 $-1 $-1 $53 0.647059 0.647059 0.647059 #
-55 face $56 $57 $406 $4 $-1 $232 reversed single #
-56 rgb_color-st-attrib $-1 $-1 $-1 $55 0.647059 0.647059 0.647059 #
-57 face $58 $59 $407 $4 $-1 $233 reversed single #
-58 rgb_color-st-attrib $-1 $-1 $-1 $57 0.647059 0.647059 0.647059 #
-59 face $60 $61 $408 $4 $-1 $234 reversed single #
-60 rgb_color-st-attrib $-1 $-1 $-1 $59 0.647059 0.647059 0.647059 #
-61 face $62 $63 $409 $4 $-1 $235 reversed single #
-62 rgb_color-st-attrib $-1 $-1 $-1 $61 0.647059 0.647059 0.647059 #
-63 face $64 $65 $410 $4 $-1 $236 reversed single #
-64 rgb_color-st-attrib $-1 $-1 $-1 $63 0.647059 0.647059 0.647059 #
-65 face $66 $67 $411 $4 $-1 $237 reversed single #
-66 rgb_color-st-attrib $-1 $-1 $-1 $65 0.647059 0.647059 0.647059 #
-67 face $68 $69 $412 $4 $-1 $238 reversed single #
-68 rgb_color-st-attrib $-1 $-1 $-1 $67 0.647059 0.647059 0.647059 #
-69 face $70 $71 $413 $4 $-1 $239 reversed single #
-70 rgb_color-st-attrib $-1 $-1 $-1 $69 0.647059 0.647059 0.647059 #
-71 face $72 $73 $414 $4 $-1 $240 reversed single #
-72 rgb_color-st-attrib $-1 $-1 $-1 $71 0.647059 0.647059 0.647059 #
-73 face $74 $75 $415 $4 $-1 $241 reversed single #
-74 rgb_color-st-attrib $-1 $-1 $-1 $73 0.647059 0.647059 0.647059 #
-75 face $76 $77 $416 $4 $-1 $242 reversed single #
-76 rgb_color-st-attrib $-1 $-1 $-1 $75 0.647059 0.647059 0.647059 #
-77 face $78 $79 $417 $4 $-1 $243 reversed single #
-78 rgb_color-st-attrib $-1 $-1 $-1 $77 0.647059 0.647059 0.647059 #
-79 face $80 $81 $418 $4 $-1 $244 reversed single #
-80 rgb_color-st-attrib $-1 $-1 $-1 $79 0.647059 0.647059 0.647059 #
-81 face $82 $83 $419 $4 $-1 $245 reversed single #
-82 rgb_color-st-attrib $-1 $-1 $-1 $81 0.647059 0.647059 0.647059 #
-83 face $84 $85 $420 $4 $-1 $246 reversed single #
-84 rgb_color-st-attrib $-1 $-1 $-1 $83 0.647059 0.647059 0.647059 #
-85 face $86 $87 $421 $4 $-1 $247 reversed single #
-86 rgb_color-st-attrib $-1 $-1 $-1 $85 0.647059 0.647059 0.647059 #
-87 face $88 $89 $422 $4 $-1 $248 reversed single #
-88 rgb_color-st-attrib $-1 $-1 $-1 $87 0.647059 0.647059 0.647059 #
-89 face $90 $91 $423 $4 $-1 $249 reversed single #
-90 rgb_color-st-attrib $-1 $-1 $-1 $89 0.647059 0.647059 0.647059 #
-91 face $92 $93 $424 $4 $-1 $250 reversed single #
-92 rgb_color-st-attrib $-1 $-1 $-1 $91 0.647059 0.647059 0.647059 #
-93 face $94 $95 $425 $4 $-1 $251 reversed single #
-94 rgb_color-st-attrib $-1 $-1 $-1 $93 0.647059 0.647059 0.647059 #
-95 face $96 $97 $426 $4 $-1 $252 reversed single #
-96 rgb_color-st-attrib $-1 $-1 $-1 $95 0.647059 0.647059 0.647059 #
-97 face $98 $99 $427 $4 $-1 $253 reversed single #
-98 rgb_color-st-attrib $-1 $-1 $-1 $97 0.647059 0.647059 0.647059 #
-99 face $100 $101 $428 $4 $-1 $254 reversed single #
-100 rgb_color-st-attrib $-1 $-1 $-1 $99 0.647059 0.647059 0.647059 #
-101 face $102 $103 $429 $4 $-1 $255 reversed single #
-102 rgb_color-st-attrib $-1 $-1 $-1 $101 0.647059 0.647059 0.647059 #
-103 face $104 $105 $430 $4 $-1 $256 reversed single #
-104 rgb_color-st-attrib $-1 $-1 $-1 $103 0.647059 0.647059 0.647059 #
-105 face $106 $107 $431 $4 $-1 $257 reversed single #
-106 rgb_color-st-attrib $-1 $-1 $-1 $105 0.647059 0.647059 0.647059 #
-107 face $108 $109 $432 $4 $-1 $258 reversed single #
-108 rgb_color-st-attrib $-1 $-1 $-1 $107 0.647059 0.647059 0.647059 #
-109 face $110 $111 $433 $4 $-1 $259 reversed single #
-110 rgb_color-st-attrib $-1 $-1 $-1 $109 0.647059 0.647059 0.647059 #
-111 face $112 $113 $434 $4 $-1 $260 reversed single #
-112 rgb_color-st-attrib $-1 $-1 $-1 $111 0.647059 0.647059 0.647059 #
-113 face $114 $115 $435 $4 $-1 $261 reversed single #
-114 rgb_color-st-attrib $-1 $-1 $-1 $113 0.647059 0.647059 0.647059 #
-115 face $116 $117 $436 $4 $-1 $262 reversed single #
-116 rgb_color-st-attrib $-1 $-1 $-1 $115 0.647059 0.647059 0.647059 #
-117 face $118 $119 $437 $4 $-1 $263 reversed single #
-118 rgb_color-st-attrib $-1 $-1 $-1 $117 0.647059 0.647059 0.647059 #
-119 face $120 $121 $438 $4 $-1 $264 reversed single #
-120 rgb_color-st-attrib $-1 $-1 $-1 $119 0.647059 0.647059 0.647059 #
-121 face $122 $123 $439 $4 $-1 $265 reversed single #
-122 rgb_color-st-attrib $-1 $-1 $-1 $121 0.647059 0.647059 0.647059 #
-123 face $124 $125 $440 $4 $-1 $266 reversed single #
-124 rgb_color-st-attrib $-1 $-1 $-1 $123 0.647059 0.647059 0.647059 #
-125 face $126 $127 $441 $4 $-1 $267 forward single #
-126 rgb_color-st-attrib $-1 $-1 $-1 $125 0.647059 0.647059 0.647059 #
-127 face $128 $129 $442 $4 $-1 $268 reversed single #
-128 rgb_color-st-attrib $-1 $-1 $-1 $127 0.647059 0.647059 0.647059 #
-129 face $130 $131 $443 $4 $-1 $269 forward single #
-130 rgb_color-st-attrib $-1 $-1 $-1 $129 0.647059 0.647059 0.647059 #
-131 face $132 $133 $444 $4 $-1 $270 reversed single #
-132 rgb_color-st-attrib $-1 $-1 $-1 $131 0.647059 0.647059 0.647059 #
-133 face $134 $135 $445 $4 $-1 $271 forward single #
-134 rgb_color-st-attrib $-1 $-1 $-1 $133 0.647059 0.647059 0.647059 #
-135 face $136 $137 $446 $4 $-1 $272 reversed single #
-136 rgb_color-st-attrib $-1 $-1 $-1 $135 0.647059 0.647059 0.647059 #
-137 face $138 $139 $447 $4 $-1 $273 forward single #
-138 rgb_color-st-attrib $-1 $-1 $-1 $137 0.647059 0.647059 0.647059 #
-139 face $140 $141 $448 $4 $-1 $274 reversed single #
-140 rgb_color-st-attrib $-1 $-1 $-1 $139 0.647059 0.647059 0.647059 #
-141 face $142 $143 $449 $4 $-1 $275 reversed single #
-142 rgb_color-st-attrib $-1 $-1 $-1 $141 0.647059 0.647059 0.647059 #
-143 face $144 $145 $450 $4 $-1 $276 reversed single #
-144 rgb_color-st-attrib $-1 $-1 $-1 $143 0.647059 0.647059 0.647059 #
-145 face $146 $147 $451 $4 $-1 $277 reversed single #
-146 rgb_color-st-attrib $-1 $-1 $-1 $145 0.647059 0.647059 0.647059 #
-147 face $148 $149 $452 $4 $-1 $278 reversed single #
-148 rgb_color-st-attrib $-1 $-1 $-1 $147 0.647059 0.647059 0.647059 #
-149 face $150 $151 $453 $4 $-1 $279 reversed single #
-150 rgb_color-st-attrib $-1 $-1 $-1 $149 0.647059 0.647059 0.647059 #
-151 face $152 $153 $454 $4 $-1 $280 reversed single #
-152 rgb_color-st-attrib $-1 $-1 $-1 $151 0.647059 0.647059 0.647059 #
-153 face $154 $155 $455 $4 $-1 $281 reversed single #
-154 rgb_color-st-attrib $-1 $-1 $-1 $153 0.647059 0.647059 0.647059 #
-155 face $156 $157 $456 $4 $-1 $282 reversed single #
-156 rgb_color-st-attrib $-1 $-1 $-1 $155 0.647059 0.647059 0.647059 #
-157 face $158 $159 $457 $4 $-1 $283 reversed single #
-158 rgb_color-st-attrib $-1 $-1 $-1 $157 0.647059 0.647059 0.647059 #
-159 face $160 $161 $458 $4 $-1 $284 reversed single #
-160 rgb_color-st-attrib $-1 $-1 $-1 $159 0.647059 0.647059 0.647059 #
-161 face $162 $163 $459 $4 $-1 $285 reversed single #
-162 rgb_color-st-attrib $-1 $-1 $-1 $161 0.647059 0.647059 0.647059 #
-163 face $164 $165 $460 $4 $-1 $286 reversed single #
-164 rgb_color-st-attrib $-1 $-1 $-1 $163 0.647059 0.647059 0.647059 #
-165 face $166 $167 $461 $4 $-1 $287 reversed single #
-166 rgb_color-st-attrib $-1 $-1 $-1 $165 0.647059 0.647059 0.647059 #
-167 face $168 $169 $462 $4 $-1 $288 reversed single #
-168 rgb_color-st-attrib $-1 $-1 $-1 $167 0.647059 0.647059 0.647059 #
-169 face $170 $171 $463 $4 $-1 $289 reversed single #
-170 rgb_color-st-attrib $-1 $-1 $-1 $169 0.647059 0.647059 0.647059 #
-171 face $172 $173 $464 $4 $-1 $290 reversed single #
-172 rgb_color-st-attrib $-1 $-1 $-1 $171 0.647059 0.647059 0.647059 #
-173 face $174 $175 $465 $4 $-1 $291 reversed single #
-174 rgb_color-st-attrib $-1 $-1 $-1 $173 0.647059 0.647059 0.647059 #
-175 face $176 $177 $466 $4 $-1 $292 reversed single #
-176 rgb_color-st-attrib $-1 $-1 $-1 $175 0.647059 0.647059 0.647059 #
-177 face $178 $179 $467 $4 $-1 $293 reversed single #
-178 rgb_color-st-attrib $-1 $-1 $-1 $177 0.647059 0.647059 0.647059 #
-179 face $180 $181 $468 $4 $-1 $294 reversed single #
-180 rgb_color-st-attrib $-1 $-1 $-1 $179 0.647059 0.647059 0.647059 #
-181 face $182 $183 $469 $4 $-1 $295 reversed single #
-182 rgb_color-st-attrib $-1 $-1 $-1 $181 0.647059 0.647059 0.647059 #
-183 face $184 $185 $470 $4 $-1 $296 reversed single #
-184 rgb_color-st-attrib $-1 $-1 $-1 $183 0.647059 0.647059 0.647059 #
-185 face $186 $187 $471 $4 $-1 $297 reversed single #
-186 rgb_color-st-attrib $-1 $-1 $-1 $185 0.647059 0.647059 0.647059 #
-187 face $188 $189 $472 $4 $-1 $298 reversed single #
-188 rgb_color-st-attrib $-1 $-1 $-1 $187 0.647059 0.647059 0.647059 #
-189 face $190 $191 $473 $4 $-1 $299 reversed single #
-190 rgb_color-st-attrib $-1 $-1 $-1 $189 0.647059 0.647059 0.647059 #
-191 face $192 $193 $474 $4 $-1 $300 reversed single #
-192 rgb_color-st-attrib $-1 $-1 $-1 $191 0.647059 0.647059 0.647059 #
-193 face $194 $195 $475 $4 $-1 $301 reversed single #
-194 rgb_color-st-attrib $-1 $-1 $-1 $193 0.647059 0.647059 0.647059 #
-195 face $196 $197 $476 $4 $-1 $302 reversed single #
-196 rgb_color-st-attrib $-1 $-1 $-1 $195 0.647059 0.647059 0.647059 #
-197 face $198 $199 $477 $4 $-1 $303 reversed single #
-198 rgb_color-st-attrib $-1 $-1 $-1 $197 0.647059 0.647059 0.647059 #
-199 face $200 $201 $478 $4 $-1 $304 reversed single #
-200 rgb_color-st-attrib $-1 $-1 $-1 $199 0.647059 0.647059 0.647059 #
-201 face $202 $203 $479 $4 $-1 $305 reversed single #
-202 rgb_color-st-attrib $-1 $-1 $-1 $201 0.647059 0.647059 0.647059 #
-203 face $204 $205 $480 $4 $-1 $306 reversed single #
-204 rgb_color-st-attrib $-1 $-1 $-1 $203 0.647059 0.647059 0.647059 #
-205 face $206 $-1 $481 $4 $-1 $307 reversed single #
-206 rgb_color-st-attrib $-1 $-1 $-1 $205 0.647059 0.647059 0.647059 #
-207 plane-surface $-1 11.5080226060 -7.8823164846 12.1160508001 0.0000000000 -1.0000000000 0.0000000000 1.0000000000 0.0000000000 0.0000000000 forward_v I I I I #
-208 plane-surface $-1 11.5080226060 36.1283718567 12.1160508001 0.0000000000 1.0000000000 0.0000000000 0.0000000000 0.0000000000 1.0000000000 forward_v I I I I #
-209 plane-surface $-1 11.5080226060 37.1160504567 12.1160508001 0.0000000000 1.0000000000 0.0000000000 0.0000000000 0.0000000000 1.0000000000 forward_v I I I I #
-210 plane-surface $-1 23.6830227707 14.1230276861 12.1160508001 1.0000000000 0.0000000000 0.0000000000 -0.0000000000 1.0000000000 0.0000000000 forward_v I I I I #
-211 plane-surface $-1 11.5080226060 -8.8699950846 12.1160508001 0.0000000000 -1.0000000000 0.0000000000 1.0000000000 0.0000000000 0.0000000000 forward_v I I I I #
-212 plane-surface $-1 -0.6669775586 14.1230276861 12.1160508001 -1.0000000000 0.0000000000 0.0000000000 -0.0000000000 -1.0000000000 0.0000000000 forward_v I I I I #
-213 plane-surface $-1 11.5080226060 14.1230276861 12.1160508001 0.0000000000 0.0000000000 -1.0000000000 1.0000000000 0.0000000000 0.0000000000 forward_v I I I I #
-214 plane-surface $-1 11.5080226060 14.1230276861 -1.5999491999 0.0000000000 0.0000000000 -1.0000000000 1.0000000000 0.0000000000 0.0000000000 forward_v I I I I #
-215 plane-surface $-1 22.6953441707 14.1230276861 12.1160508001 1.0000000000 0.0000000000 0.0000000000 -0.0000000000 1.0000000000 0.0000000000 forward_v I I I I #
-216 plane-surface $-1 0.3207010414 14.1230276861 12.1160508001 -1.0000000000 0.0000000000 0.0000000000 -0.0000000000 -1.0000000000 0.0000000000 forward_v I I I I #
-217 plane-surface $-1 11.5080226060 14.1230276861 -0.6122705999 0.0000000000 0.0000000000 -1.0000000000 1.0000000000 0.0000000000 0.0000000000 forward_v I I I I #
-218 plane-surface $-1 7.0080226060 11.7160504567 6.2650508001 1.0000000000 0.0000000000 0.0000000000 0.0000000000 0.0000000000 -1.0000000000 forward_v I I I I #
-219 cone-surface $-1 7.7080226060 11.7160504567 7.1900508001 0.0000000000 1.0000000000 0.0000000000 0.4949747468 0.0000000000 -0.4949747468 1 I I 0 1 1 forward I I I I #
-220 plane-surface $-1 11.5080226060 11.7160504567 7.8900508001 0.0000000000 0.0000000000 -1.0000000000 -1.0000000000 0.0000000000 0.0000000000 forward_v I I I I #
-221 cone-surface $-1 15.3080226060 11.7160504567 7.1900508001 0.0000000000 1.0000000000 0.0000000000 -0.4949747468 0.0000000000 -0.4949747468 1 I I 0 1 1 forward I I I I #
-222 plane-surface $-1 16.0080226060 11.7160504567 6.2650508001 1.0000000000 0.0000000000 0.0000000000 0.0000000000 0.0000000000 -1.0000000000 forward_v I I I I #
-223 cone-surface $-1 15.3080226060 11.7160504567 5.3400508001 0.0000000000 1.0000000000 0.0000000000 -0.4949747468 0.0000000000 0.4949747468 1 I I 0 1 1 forward I I I I #
-224 plane-surface $-1 11.5080226060 11.7160504567 4.6400508001 0.0000000000 0.0000000000 -1.0000000000 -1.0000000000 0.0000000000 0.0000000000 forward_v I I I I #
-225 cone-surface $-1 7.7080226060 11.7160504567 5.3400508001 -0.0000000000 1.0000000000 0.0000000000 0.4949747468 0.0000000000 0.4949747468 1 I I 0 1 1 forward I I I I #
-226 cone-surface $-1 22.4130227707 35.8460504567 12.1160508001 -0.0000000000 0.0000000000 -1.0000000000 -0.8980256121 -0.8980256121 0.0000000000 1 I I 0 1 1 forward I I I I #
-227 cone-surface $-1 22.4130227707 -7.5999950846 12.1160508001 0.0000000000 0.0000000000 -1.0000000000 -0.8980256121 0.8980256121 0.0000000000 1 I I 0 1 1 forward I I I I #
-228 cone-surface $-1 0.6030224414 -7.5999950846 12.1160508001 0.0000000000 0.0000000000 -1.0000000000 0.8980256121 0.8980256121 0.0000000000 1 I I 0 1 1 forward I I I I #
-229 cone-surface $-1 0.6030224414 35.8460504567 12.1160508001 0.0000000000 0.0000000000 -1.0000000000 0.8980256121 -0.8980256121 0.0000000000 1 I I 0 1 1 forward I I I I #
-230 cone-surface $-1 53.4929910154 9.9055123493 8.7996073731 -1.0000000000 0.0000000000 0.0000000000 -0.0000000000 -0.0000000000 0.6350000000 1 I I 0 1 1 forward I I I I #
-231 cone-surface $-1 53.4929910154 7.0480123493 3.8502721905 -1.0000000000 0.0000000000 0.0000000000 -0.0000000000 -0.0000000000 0.6350000000 1 I I 0 1 1 forward I I I I #
-232 cone-surface $-1 53.4929910154 7.0480123493 7.1498289789 -1.0000000000 0.0000000000 0.0000000000 -0.0000000000 -0.0000000000 0.6350000000 1 I I 0 1 1 forward I I I I #
-233 cone-surface $-1 53.4929910154 3.2380123493 7.1498289789 -1.0000000000 0.0000000000 0.0000000000 -0.0000000000 -0.0000000000 0.6350000000 1 I I 0 1 1 forward I I I I #
-234 cone-surface $-1 53.4929910154 6.0955123493 5.5000505847 -1.0000000000 0.0000000000 0.0000000000 -0.0000000000 -0.0000000000 0.6350000000 1 I I 0 1 1 forward I I I I #
-235 cone-surface $-1 53.4929910154 8.0005123493 5.5000505847 -1.0000000000 0.0000000000 0.0000000000 -0.0000000000 -0.0000000000 0.6350000000 1 I I 0 1 1 forward I I I I #
-236 cone-surface $-1 53.4929910154 9.9055123493 5.5000505847 -1.0000000000 0.0000000000 0.0000000000 -0.0000000000 -0.0000000000 0.6350000000 1 I I 0 1 1 forward I I I I #
-237 cone-surface $-1 53.4929910154 10.8580123493 7.1498289789 -1.0000000000 0.0000000000 0.0000000000 -0.0000000000 -0.0000000000 0.6350000000 1 I I 0 1 1 forward I I I I #
-238 cone-surface $-1 53.4929910154 8.9530123493 7.1498289789 -1.0000000000 0.0000000000 0.0000000000 -0.0000000000 -0.0000000000 0.6350000000 1 I I 0 1 1 forward I I I I #
-239 cone-surface $-1 53.4929910154 8.0005123493 8.7996073731 -1.0000000000 0.0000000000 0.0000000000 -0.0000000000 -0.0000000000 0.6350000000 1 I I 0 1 1 forward I I I I #
-240 cone-surface $-1 53.4929910154 4.1905123493 8.7996073731 -1.0000000000 0.0000000000 0.0000000000 -0.0000000000 -0.0000000000 0.6350000000 1 I I 0 1 1 forward I I I I #
-241 cone-surface $-1 53.4929910154 2.2855123493 8.7996073731 -1.0000000000 0.0000000000 0.0000000000 -0.0000000000 -0.0000000000 0.6350000000 1 I I 0 1 1 forward I I I I #
-242 cone-surface $-1 53.4929910154 1.3330123493 7.1498289789 -1.0000000000 0.0000000000 0.0000000000 -0.0000000000 -0.0000000000 0.6350000000 1 I I 0 1 1 forward I I I I #
-243 cone-surface $-1 53.4929910154 5.1430123493 3.8502721905 -1.0000000000 0.0000000000 0.0000000000 -0.0000000000 -0.0000000000 0.6350000000 1 I I 0 1 1 forward I I I I #
-244 cone-surface $-1 53.4929910154 5.1430123493 7.1498289789 -1.0000000000 0.0000000000 0.0000000000 -0.0000000000 -0.0000000000 0.6350000000 1 I I 0 1 1 forward I I I I #
-245 cone-surface $-1 53.4929910154 4.1905123493 5.5000505847 -1.0000000000 0.0000000000 0.0000000000 -0.0000000000 -0.0000000000 0.6350000000 1 I I 0 1 1 forward I I I I #
-246 cone-surface $-1 53.4929910154 2.2855123493 5.5000505847 -1.0000000000 0.0000000000 0.0000000000 -0.0000000000 -0.0000000000 0.6350000000 1 I I 0 1 1 forward I I I I #
-247 cone-surface $-1 53.4929910154 9.9055123493 8.7996073731 -1.0000000000 0.0000000000 0.0000000000 -0.0000000000 -0.0000000000 0.6350000000 1 I I 0 1 1 forward I I I I #
-248 cone-surface $-1 53.4929910154 7.0480123493 3.8502721905 -1.0000000000 0.0000000000 0.0000000000 -0.0000000000 -0.0000000000 0.6350000000 1 I I 0 1 1 forward I I I I #
-249 cone-surface $-1 53.4929910154 7.0480123493 7.1498289789 -1.0000000000 0.0000000000 0.0000000000 -0.0000000000 -0.0000000000 0.6350000000 1 I I 0 1 1 forward I I I I #
-250 cone-surface $-1 53.4929910154 3.2380123493 7.1498289789 -1.0000000000 0.0000000000 0.0000000000 -0.0000000000 -0.0000000000 0.6350000000 1 I I 0 1 1 forward I I I I #
-251 cone-surface $-1 53.4929910154 6.0955123493 5.5000505847 -1.0000000000 0.0000000000 0.0000000000 -0.0000000000 -0.0000000000 0.6350000000 1 I I 0 1 1 forward I I I I #
-252 cone-surface $-1 53.4929910154 8.0005123493 5.5000505847 -1.0000000000 0.0000000000 0.0000000000 -0.0000000000 -0.0000000000 0.6350000000 1 I I 0 1 1 forward I I I I #
-253 cone-surface $-1 53.4929910154 9.9055123493 5.5000505847 -1.0000000000 0.0000000000 0.0000000000 -0.0000000000 -0.0000000000 0.6350000000 1 I I 0 1 1 forward I I I I #
-254 cone-surface $-1 53.4929910154 10.8580123493 7.1498289789 -1.0000000000 0.0000000000 0.0000000000 -0.0000000000 -0.0000000000 0.6350000000 1 I I 0 1 1 forward I I I I #
-255 cone-surface $-1 53.4929910154 8.9530123493 7.1498289789 -1.0000000000 0.0000000000 0.0000000000 -0.0000000000 -0.0000000000 0.6350000000 1 I I 0 1 1 forward I I I I #
-256 cone-surface $-1 53.4929910154 8.0005123493 8.7996073731 -1.0000000000 0.0000000000 0.0000000000 -0.0000000000 -0.0000000000 0.6350000000 1 I I 0 1 1 forward I I I I #
-257 cone-surface $-1 53.4929910154 4.1905123493 8.7996073731 -1.0000000000 0.0000000000 0.0000000000 -0.0000000000 -0.0000000000 0.6350000000 1 I I 0 1 1 forward I I I I #
-258 cone-surface $-1 53.4929910154 2.2855123493 8.7996073731 -1.0000000000 0.0000000000 0.0000000000 -0.0000000000 -0.0000000000 0.6350000000 1 I I 0 1 1 forward I I I I #
-259 cone-surface $-1 53.4929910154 1.3330123493 7.1498289789 -1.0000000000 0.0000000000 0.0000000000 -0.0000000000 -0.0000000000 0.6350000000 1 I I 0 1 1 forward I I I I #
-260 cone-surface $-1 53.4929910154 5.1430123493 3.8502721905 -1.0000000000 0.0000000000 0.0000000000 -0.0000000000 -0.0000000000 0.6350000000 1 I I 0 1 1 forward I I I I #
-261 cone-surface $-1 53.4929910154 5.1430123493 7.1498289789 -1.0000000000 0.0000000000 0.0000000000 -0.0000000000 -0.0000000000 0.6350000000 1 I I 0 1 1 forward I I I I #
-262 cone-surface $-1 53.4929910154 4.1905123493 5.5000505847 -1.0000000000 0.0000000000 0.0000000000 -0.0000000000 -0.0000000000 0.6350000000 1 I I 0 1 1 forward I I I I #
-263 cone-surface $-1 53.4929910154 2.2855123493 5.5000505847 -1.0000000000 0.0000000000 0.0000000000 -0.0000000000 -0.0000000000 0.6350000000 1 I I 0 1 1 forward I I I I #
-264 plane-surface $-1 11.5080226060 -8.4699950846 5.2580508001 0.0000000000 -1.0000000000 0.0000000000 1.0000000000 0.0000000000 0.0000000000 forward_v I I I I #
-265 plane-surface $-1 11.5080226060 -8.4699950846 5.2580508001 0.0000000000 -1.0000000000 0.0000000000 1.0000000000 0.0000000000 0.0000000000 forward_v I I I I #
-266 plane-surface $-1 11.5080226060 -7.8823164846 11.4337306001 -0.0000000000 -0.7071067812 0.7071067812 -1.0000000000 -0.0000000000 -0.0000000000 forward_v I I I I #
-267 plane-surface $-1 21.1430227707 -8.4699962846 5.7518903001 -0.7071067812 0.7071067812 -0.0000000000 -0.0000000000 -0.0000000000 1.0000000000 forward_v I I I I #
-268 plane-surface $-1 13.4603428060 -7.8823164846 12.1160508001 -0.7071067812 -0.7071067812 -0.0000000000 0.0000000000 0.0000000000 -1.0000000000 forward_v I I I I #
-269 plane-surface $-1 17.5955226884 -8.4699962846 0.6577298001 -0.0000000000 0.7071067812 0.7071067812 1.0000000000 0.0000000000 0.0000000000 forward_v I I I I #
-270 plane-surface $-1 1.2853426414 -7.8823164846 12.1160508001 -0.7071067812 -0.7071067812 -0.0000000000 0.0000000000 0.0000000000 -1.0000000000 forward_v I I I I #
-271 plane-surface $-1 5.4205225237 -8.4699962846 10.8460508001 -0.0000000000 0.7071067812 -0.7071067812 -1.0000000000 -0.0000000000 0.0000000000 forward_v I I I I #
-272 plane-surface $-1 11.5080226060 -7.8823164846 0.0700500001 0.0000000000 -0.7071067812 -0.7071067812 1.0000000000 0.0000000000 0.0000000000 forward_v I I I I #
-273 plane-surface $-1 8.9680226060 -8.4699962846 5.7518903001 -0.7071067812 0.7071067812 0.0000000000 0.0000000000 0.0000000000 1.0000000000 forward_v I I I I #
-274 cone-surface $-1 53.4929910154 9.9055123493 8.7996073731 -1.0000000000 0.0000000000 0.0000000000 -0.0000000000 -0.0000000000 -0.6350000000 1 I I 0 1 1 forward I I I I #
-275 cone-surface $-1 53.4929910154 7.0480123493 3.8502721905 -1.0000000000 0.0000000000 0.0000000000 -0.0000000000 -0.0000000000 -0.6350000000 1 I I 0 1 1 forward I I I I #
-276 cone-surface $-1 53.4929910154 7.0480123493 7.1498289789 -1.0000000000 0.0000000000 0.0000000000 -0.0000000000 -0.0000000000 -0.6350000000 1 I I 0 1 1 forward I I I I #
-277 cone-surface $-1 53.4929910154 3.2380123493 7.1498289789 -1.0000000000 0.0000000000 0.0000000000 -0.0000000000 -0.0000000000 -0.6350000000 1 I I 0 1 1 forward I I I I #
-278 cone-surface $-1 53.4929910154 6.0955123493 5.5000505847 -1.0000000000 0.0000000000 0.0000000000 -0.0000000000 -0.0000000000 -0.6350000000 1 I I 0 1 1 forward I I I I #
-279 cone-surface $-1 53.4929910154 8.0005123493 5.5000505847 -1.0000000000 0.0000000000 0.0000000000 -0.0000000000 -0.0000000000 -0.6350000000 1 I I 0 1 1 forward I I I I #
-280 cone-surface $-1 53.4929910154 9.9055123493 5.5000505847 -1.0000000000 0.0000000000 0.0000000000 -0.0000000000 -0.0000000000 -0.6350000000 1 I I 0 1 1 forward I I I I #
-281 cone-surface $-1 53.4929910154 10.8580123493 7.1498289789 -1.0000000000 0.0000000000 0.0000000000 -0.0000000000 -0.0000000000 -0.6350000000 1 I I 0 1 1 forward I I I I #
-282 cone-surface $-1 53.4929910154 8.9530123493 7.1498289789 -1.0000000000 0.0000000000 0.0000000000 -0.0000000000 -0.0000000000 -0.6350000000 1 I I 0 1 1 forward I I I I #
-283 cone-surface $-1 53.4929910154 8.0005123493 8.7996073731 -1.0000000000 0.0000000000 0.0000000000 -0.0000000000 -0.0000000000 -0.6350000000 1 I I 0 1 1 forward I I I I #
-284 cone-surface $-1 53.4929910154 4.1905123493 8.7996073731 -1.0000000000 0.0000000000 0.0000000000 -0.0000000000 -0.0000000000 -0.6350000000 1 I I 0 1 1 forward I I I I #
-285 cone-surface $-1 53.4929910154 2.2855123493 8.7996073731 -1.0000000000 0.0000000000 0.0000000000 -0.0000000000 -0.0000000000 -0.6350000000 1 I I 0 1 1 forward I I I I #
-286 cone-surface $-1 53.4929910154 1.3330123493 7.1498289789 -1.0000000000 0.0000000000 0.0000000000 -0.0000000000 -0.0000000000 -0.6350000000 1 I I 0 1 1 forward I I I I #
-287 cone-surface $-1 53.4929910154 5.1430123493 3.8502721905 -1.0000000000 0.0000000000 0.0000000000 -0.0000000000 -0.0000000000 -0.6350000000 1 I I 0 1 1 forward I I I I #
-288 cone-surface $-1 53.4929910154 5.1430123493 7.1498289789 -1.0000000000 0.0000000000 0.0000000000 -0.0000000000 -0.0000000000 -0.6350000000 1 I I 0 1 1 forward I I I I #
-289 cone-surface $-1 53.4929910154 4.1905123493 5.5000505847 -1.0000000000 0.0000000000 0.0000000000 -0.0000000000 -0.0000000000 -0.6350000000 1 I I 0 1 1 forward I I I I #
-290 cone-surface $-1 53.4929910154 2.2855123493 5.5000505847 -1.0000000000 0.0000000000 0.0000000000 -0.0000000000 -0.0000000000 -0.6350000000 1 I I 0 1 1 forward I I I I #
-291 cone-surface $-1 53.4929910154 9.9055123493 8.7996073731 -1.0000000000 0.0000000000 0.0000000000 -0.0000000000 -0.0000000000 -0.6350000000 1 I I 0 1 1 forward I I I I #
-292 cone-surface $-1 53.4929910154 7.0480123493 3.8502721905 -1.0000000000 0.0000000000 0.0000000000 -0.0000000000 -0.0000000000 -0.6350000000 1 I I 0 1 1 forward I I I I #
-293 cone-surface $-1 53.4929910154 7.0480123493 7.1498289789 -1.0000000000 0.0000000000 0.0000000000 -0.0000000000 -0.0000000000 -0.6350000000 1 I I 0 1 1 forward I I I I #
-294 cone-surface $-1 53.4929910154 3.2380123493 7.1498289789 -1.0000000000 0.0000000000 0.0000000000 -0.0000000000 -0.0000000000 -0.6350000000 1 I I 0 1 1 forward I I I I #
-295 cone-surface $-1 53.4929910154 6.0955123493 5.5000505847 -1.0000000000 0.0000000000 0.0000000000 -0.0000000000 -0.0000000000 -0.6350000000 1 I I 0 1 1 forward I I I I #
-296 cone-surface $-1 53.4929910154 8.0005123493 5.5000505847 -1.0000000000 0.0000000000 0.0000000000 -0.0000000000 -0.0000000000 -0.6350000000 1 I I 0 1 1 forward I I I I #
-297 cone-surface $-1 53.4929910154 9.9055123493 5.5000505847 -1.0000000000 0.0000000000 0.0000000000 -0.0000000000 -0.0000000000 -0.6350000000 1 I I 0 1 1 forward I I I I #
-298 cone-surface $-1 53.4929910154 10.8580123493 7.1498289789 -1.0000000000 0.0000000000 0.0000000000 -0.0000000000 -0.0000000000 -0.6350000000 1 I I 0 1 1 forward I I I I #
-299 cone-surface $-1 53.4929910154 8.9530123493 7.1498289789 -1.0000000000 0.0000000000 0.0000000000 -0.0000000000 -0.0000000000 -0.6350000000 1 I I 0 1 1 forward I I I I #
-300 cone-surface $-1 53.4929910154 8.0005123493 8.7996073731 -1.0000000000 0.0000000000 0.0000000000 -0.0000000000 -0.0000000000 -0.6350000000 1 I I 0 1 1 forward I I I I #
-301 cone-surface $-1 53.4929910154 4.1905123493 8.7996073731 -1.0000000000 0.0000000000 0.0000000000 -0.0000000000 -0.0000000000 -0.6350000000 1 I I 0 1 1 forward I I I I #
-302 cone-surface $-1 53.4929910154 2.2855123493 8.7996073731 -1.0000000000 0.0000000000 0.0000000000 -0.0000000000 -0.0000000000 -0.6350000000 1 I I 0 1 1 forward I I I I #
-303 cone-surface $-1 53.4929910154 1.3330123493 7.1498289789 -1.0000000000 0.0000000000 0.0000000000 -0.0000000000 -0.0000000000 -0.6350000000 1 I I 0 1 1 forward I I I I #
-304 cone-surface $-1 53.4929910154 5.1430123493 3.8502721905 -1.0000000000 0.0000000000 0.0000000000 -0.0000000000 -0.0000000000 -0.6350000000 1 I I 0 1 1 forward I I I I #
-305 cone-surface $-1 53.4929910154 5.1430123493 7.1498289789 -1.0000000000 0.0000000000 0.0000000000 -0.0000000000 -0.0000000000 -0.6350000000 1 I I 0 1 1 forward I I I I #
-306 cone-surface $-1 53.4929910154 4.1905123493 5.5000505847 -1.0000000000 0.0000000000 0.0000000000 -0.0000000000 -0.0000000000 -0.6350000000 1 I I 0 1 1 forward I I I I #
-307 cone-surface $-1 53.4929910154 2.2855123493 5.5000505847 -1.0000000000 0.0000000000 0.0000000000 -0.0000000000 -0.0000000000 -0.6350000000 1 I I 0 1 1 forward I I I I #
-308 loop $-1 $309 $482 $5 #
-309 loop $-1 $310 $486 $5 #
-310 loop $-1 $-1 $490 $5 #
-311 loop $-1 $312 $494 $7 #
-312 loop $-1 $-1 $498 $7 #
-313 loop $-1 $314 $506 $9 #
-314 loop $-1 $-1 $514 $9 #
-315 loop $-1 $316 $518 $11 #
-316 loop $-1 $317 $520 $11 #
-317 loop $-1 $318 $522 $11 #
-318 loop $-1 $319 $524 $11 #
-319 loop $-1 $320 $526 $11 #
-320 loop $-1 $321 $528 $11 #
-321 loop $-1 $322 $530 $11 #
-322 loop $-1 $323 $532 $11 #
-323 loop $-1 $324 $534 $11 #
-324 loop $-1 $325 $536 $11 #
-325 loop $-1 $326 $538 $11 #
-326 loop $-1 $327 $540 $11 #
-327 loop $-1 $328 $542 $11 #
-328 loop $-1 $329 $544 $11 #
-329 loop $-1 $330 $546 $11 #
-330 loop $-1 $331 $548 $11 #
-331 loop $-1 $332 $550 $11 #
-332 loop $-1 $-1 $552 $11 #
-333 loop $-1 $-1 $556 $13 #
-334 loop $-1 $335 $560 $15 #
-335 loop $-1 $336 $562 $15 #
-336 loop $-1 $337 $564 $15 #
-337 loop $-1 $338 $566 $15 #
-338 loop $-1 $339 $568 $15 #
-339 loop $-1 $340 $570 $15 #
-340 loop $-1 $341 $572 $15 #
-341 loop $-1 $342 $574 $15 #
-342 loop $-1 $343 $576 $15 #
-343 loop $-1 $344 $578 $15 #
-344 loop $-1 $345 $580 $15 #
-345 loop $-1 $346 $582 $15 #
-346 loop $-1 $347 $584 $15 #
-347 loop $-1 $348 $586 $15 #
-348 loop $-1 $349 $588 $15 #
-349 loop $-1 $350 $590 $15 #
-350 loop $-1 $351 $592 $15 #
-351 loop $-1 $-1 $594 $15 #
-352 loop $-1 $353 $598 $17 #
-353 loop $-1 $-1 $602 $17 #
-354 loop $-1 $-1 $610 $19 #
-355 loop $-1 $356 $618 $21 #
-356 loop $-1 $357 $620 $21 #
-357 loop $-1 $358 $622 $21 #
-358 loop $-1 $359 $624 $21 #
-359 loop $-1 $360 $626 $21 #
-360 loop $-1 $361 $628 $21 #
-361 loop $-1 $362 $630 $21 #
-362 loop $-1 $363 $632 $21 #
-363 loop $-1 $364 $634 $21 #
-364 loop $-1 $365 $636 $21 #
-365 loop $-1 $366 $638 $21 #
-366 loop $-1 $367 $640 $21 #
-367 loop $-1 $368 $642 $21 #
-368 loop $-1 $369 $644 $21 #
-369 loop $-1 $370 $646 $21 #
-370 loop $-1 $371 $648 $21 #
-371 loop $-1 $372 $650 $21 #
-372 loop $-1 $-1 $652 $21 #
-373 loop $-1 $374 $656 $23 #
-374 loop $-1 $375 $658 $23 #
-375 loop $-1 $376 $660 $23 #
-376 loop $-1 $377 $662 $23 #
-377 loop $-1 $378 $664 $23 #
-378 loop $-1 $379 $666 $23 #
-379 loop $-1 $380 $668 $23 #
-380 loop $-1 $381 $670 $23 #
-381 loop $-1 $382 $672 $23 #
-382 loop $-1 $383 $674 $23 #
-383 loop $-1 $384 $676 $23 #
-384 loop $-1 $385 $678 $23 #
-385 loop $-1 $386 $680 $23 #
-386 loop $-1 $387 $682 $23 #
-387 loop $-1 $388 $684 $23 #
-388 loop $-1 $389 $686 $23 #
-389 loop $-1 $390 $688 $23 #
-390 loop $-1 $-1 $690 $23 #
-391 loop $-1 $-1 $694 $25 #
-392 loop $-1 $-1 $698 $27 #
-393 loop $-1 $-1 $702 $29 #
-394 loop $-1 $-1 $706 $31 #
-395 loop $-1 $-1 $710 $33 #
-396 loop $-1 $-1 $714 $35 #
-397 loop $-1 $-1 $718 $37 #
-398 loop $-1 $-1 $722 $39 #
-399 loop $-1 $-1 $726 $41 #
-400 loop $-1 $-1 $730 $43 #
-401 loop $-1 $-1 $734 $45 #
-402 loop $-1 $-1 $738 $47 #
-403 loop $-1 $-1 $742 $49 #
-404 loop $-1 $-1 $746 $51 #
-405 loop $-1 $-1 $750 $53 #
-406 loop $-1 $-1 $754 $55 #
-407 loop $-1 $-1 $758 $57 #
-408 loop $-1 $-1 $762 $59 #
-409 loop $-1 $-1 $766 $61 #
-410 loop $-1 $-1 $770 $63 #
-411 loop $-1 $-1 $774 $65 #
-412 loop $-1 $-1 $778 $67 #
-413 loop $-1 $-1 $782 $69 #
-414 loop $-1 $-1 $786 $71 #
-415 loop $-1 $-1 $790 $73 #
-416 loop $-1 $-1 $794 $75 #
-417 loop $-1 $-1 $798 $77 #
-418 loop $-1 $-1 $802 $79 #
-419 loop $-1 $-1 $806 $81 #
-420 loop $-1 $-1 $810 $83 #
-421 loop $-1 $-1 $814 $85 #
-422 loop $-1 $-1 $818 $87 #
-423 loop $-1 $-1 $822 $89 #
-424 loop $-1 $-1 $826 $91 #
-425 loop $-1 $-1 $830 $93 #
-426 loop $-1 $-1 $834 $95 #
-427 loop $-1 $-1 $838 $97 #
-428 loop $-1 $-1 $842 $99 #
-429 loop $-1 $-1 $846 $101 #
-430 loop $-1 $-1 $850 $103 #
-431 loop $-1 $-1 $854 $105 #
-432 loop $-1 $-1 $858 $107 #
-433 loop $-1 $-1 $862 $109 #
-434 loop $-1 $-1 $866 $111 #
-435 loop $-1 $-1 $870 $113 #
-436 loop $-1 $-1 $874 $115 #
-437 loop $-1 $-1 $878 $117 #
-438 loop $-1 $-1 $882 $119 #
-439 loop $-1 $-1 $886 $121 #
-440 loop $-1 $-1 $890 $123 #
-441 loop $-1 $-1 $894 $125 #
-442 loop $-1 $-1 $898 $127 #
-443 loop $-1 $-1 $902 $129 #
-444 loop $-1 $-1 $906 $131 #
-445 loop $-1 $-1 $910 $133 #
-446 loop $-1 $-1 $914 $135 #
-447 loop $-1 $-1 $918 $137 #
-448 loop $-1 $-1 $922 $139 #
-449 loop $-1 $-1 $926 $141 #
-450 loop $-1 $-1 $930 $143 #
-451 loop $-1 $-1 $934 $145 #
-452 loop $-1 $-1 $938 $147 #
-453 loop $-1 $-1 $942 $149 #
-454 loop $-1 $-1 $946 $151 #
-455 loop $-1 $-1 $950 $153 #
-456 loop $-1 $-1 $954 $155 #
-457 loop $-1 $-1 $958 $157 #
-458 loop $-1 $-1 $962 $159 #
-459 loop $-1 $-1 $966 $161 #
-460 loop $-1 $-1 $970 $163 #
-461 loop $-1 $-1 $974 $165 #
-462 loop $-1 $-1 $978 $167 #
-463 loop $-1 $-1 $982 $169 #
-464 loop $-1 $-1 $986 $171 #
-465 loop $-1 $-1 $990 $173 #
-466 loop $-1 $-1 $994 $175 #
-467 loop $-1 $-1 $998 $177 #
-468 loop $-1 $-1 $1002 $179 #
-469 loop $-1 $-1 $1006 $181 #
-470 loop $-1 $-1 $1010 $183 #
-471 loop $-1 $-1 $1014 $185 #
-472 loop $-1 $-1 $1018 $187 #
-473 loop $-1 $-1 $1022 $189 #
-474 loop $-1 $-1 $1026 $191 #
-475 loop $-1 $-1 $1030 $193 #
-476 loop $-1 $-1 $1034 $195 #
-477 loop $-1 $-1 $1038 $197 #
-478 loop $-1 $-1 $1042 $199 #
-479 loop $-1 $-1 $1046 $201 #
-480 loop $-1 $-1 $1050 $203 #
-481 loop $-1 $-1 $1054 $205 #
-482 coedge $-1 $483 $485 $901 $1058 forward $308 $-1 #
-483 coedge $-1 $484 $482 $903 $1059 forward $308 $-1 #
-484 coedge $-1 $485 $483 $895 $1060 forward $308 $-1 #
-485 coedge $-1 $482 $484 $891 $1061 forward $308 $-1 #
-486 coedge $-1 $487 $489 $917 $1062 forward $309 $-1 #
-487 coedge $-1 $488 $486 $919 $1063 forward $309 $-1 #
-488 coedge $-1 $489 $487 $911 $1064 forward $309 $-1 #
-489 coedge $-1 $486 $488 $907 $1065 forward $309 $-1 #
-490 coedge $-1 $491 $493 $696 $1066 forward $310 $-1 #
-491 coedge $-1 $492 $490 $693 $1067 reversed $310 $-1 #
-492 coedge $-1 $493 $491 $601 $1068 reversed $310 $-1 #
-493 coedge $-1 $490 $492 $653 $1069 forward $310 $-1 #
-494 coedge $-1 $495 $497 $694 $1070 forward $311 $-1 #
-495 coedge $-1 $496 $494 $655 $1071 reversed $311 $-1 #
-496 coedge $-1 $497 $495 $599 $1072 reversed $311 $-1 #
-497 coedge $-1 $494 $496 $691 $1073 forward $311 $-1 #
-498 coedge $-1 $499 $505 $698 $1074 reversed $312 $-1 #
-499 coedge $-1 $500 $498 $705 $1075 forward $312 $-1 #
-500 coedge $-1 $501 $499 $706 $1076 reversed $312 $-1 #
-501 coedge $-1 $502 $500 $713 $1077 forward $312 $-1 #
-502 coedge $-1 $503 $501 $717 $1078 forward $312 $-1 #
-503 coedge $-1 $504 $502 $721 $1079 forward $312 $-1 #
-504 coedge $-1 $505 $503 $725 $1080 forward $312 $-1 #
-505 coedge $-1 $498 $504 $729 $1081 forward $312 $-1 #
-506 coedge $-1 $507 $513 $703 $1082 reversed $313 $-1 #
-507 coedge $-1 $508 $506 $700 $1083 forward $313 $-1 #
-508 coedge $-1 $509 $507 $727 $1084 reversed $313 $-1 #
-509 coedge $-1 $510 $508 $723 $1085 reversed $313 $-1 #
-510 coedge $-1 $511 $509 $719 $1086 reversed $313 $-1 #
-511 coedge $-1 $512 $510 $715 $1087 reversed $313 $-1 #
-512 coedge $-1 $513 $511 $711 $1088 reversed $313 $-1 #
-513 coedge $-1 $506 $512 $708 $1089 forward $313 $-1 #
-514 coedge $-1 $515 $517 $604 $1090 forward $314 $-1 #
-515 coedge $-1 $516 $514 $733 $1091 forward $314 $-1 #
-516 coedge $-1 $517 $515 $610 $1092 reversed $314 $-1 #
-517 coedge $-1 $514 $516 $743 $1093 forward $314 $-1 #
-518 coedge $-1 $519 $519 $881 $1094 reversed $315 $-1 #
-519 coedge $-1 $518 $518 $1055 $1095 reversed $315 $-1 #
-520 coedge $-1 $521 $521 $877 $1096 reversed $316 $-1 #
-521 coedge $-1 $520 $520 $1051 $1097 reversed $316 $-1 #
-522 coedge $-1 $523 $523 $873 $1098 reversed $317 $-1 #
-523 coedge $-1 $522 $522 $1047 $1099 reversed $317 $-1 #
-524 coedge $-1 $525 $525 $869 $1100 reversed $318 $-1 #
-525 coedge $-1 $524 $524 $1043 $1101 reversed $318 $-1 #
-526 coedge $-1 $527 $527 $865 $1102 reversed $319 $-1 #
-527 coedge $-1 $526 $526 $1039 $1103 reversed $319 $-1 #
-528 coedge $-1 $529 $529 $861 $1104 reversed $320 $-1 #
-529 coedge $-1 $528 $528 $1035 $1105 reversed $320 $-1 #
-530 coedge $-1 $531 $531 $857 $1106 reversed $321 $-1 #
-531 coedge $-1 $530 $530 $1031 $1107 reversed $321 $-1 #
-532 coedge $-1 $533 $533 $853 $1108 reversed $322 $-1 #
-533 coedge $-1 $532 $532 $1027 $1109 reversed $322 $-1 #
-534 coedge $-1 $535 $535 $849 $1110 reversed $323 $-1 #
-535 coedge $-1 $534 $534 $1023 $1111 reversed $323 $-1 #
-536 coedge $-1 $537 $537 $845 $1112 reversed $324 $-1 #
-537 coedge $-1 $536 $536 $1019 $1113 reversed $324 $-1 #
-538 coedge $-1 $539 $539 $841 $1114 reversed $325 $-1 #
-539 coedge $-1 $538 $538 $1015 $1115 reversed $325 $-1 #
-540 coedge $-1 $541 $541 $837 $1116 reversed $326 $-1 #
-541 coedge $-1 $540 $540 $1011 $1117 reversed $326 $-1 #
-542 coedge $-1 $543 $543 $833 $1118 reversed $327 $-1 #
-543 coedge $-1 $542 $542 $1007 $1119 reversed $327 $-1 #
-544 coedge $-1 $545 $545 $829 $1120 reversed $328 $-1 #
-545 coedge $-1 $544 $544 $1003 $1121 reversed $328 $-1 #
-546 coedge $-1 $547 $547 $825 $1122 reversed $329 $-1 #
-547 coedge $-1 $546 $546 $999 $1123 reversed $329 $-1 #
-548 coedge $-1 $549 $549 $821 $1124 reversed $330 $-1 #
-549 coedge $-1 $548 $548 $995 $1125 reversed $330 $-1 #
-550 coedge $-1 $551 $551 $817 $1126 reversed $331 $-1 #
-551 coedge $-1 $550 $550 $991 $1127 reversed $331 $-1 #
-552 coedge $-1 $553 $555 $612 $1128 reversed $332 $-1 #
-553 coedge $-1 $554 $552 $731 $1129 forward $332 $-1 #
-554 coedge $-1 $555 $553 $602 $1130 forward $332 $-1 #
-555 coedge $-1 $552 $554 $737 $1131 forward $332 $-1 #
-556 coedge $-1 $557 $559 $614 $1132 reversed $333 $-1 #
-557 coedge $-1 $558 $556 $735 $1133 forward $333 $-1 #
-558 coedge $-1 $559 $557 $608 $1134 forward $333 $-1 #
-559 coedge $-1 $556 $558 $741 $1135 forward $333 $-1 #
-560 coedge $-1 $561 $561 $811 $1136 reversed $334 $-1 #
-561 coedge $-1 $560 $560 $989 $1137 reversed $334 $-1 #
-562 coedge $-1 $563 $563 $807 $1138 reversed $335 $-1 #
-563 coedge $-1 $562 $562 $985 $1139 reversed $335 $-1 #
-564 coedge $-1 $565 $565 $803 $1140 reversed $336 $-1 #
-565 coedge $-1 $564 $564 $981 $1141 reversed $336 $-1 #
-566 coedge $-1 $567 $567 $799 $1142 reversed $337 $-1 #
-567 coedge $-1 $566 $566 $977 $1143 reversed $337 $-1 #
-568 coedge $-1 $569 $569 $795 $1144 reversed $338 $-1 #
-569 coedge $-1 $568 $568 $973 $1145 reversed $338 $-1 #
-570 coedge $-1 $571 $571 $791 $1146 reversed $339 $-1 #
-571 coedge $-1 $570 $570 $969 $1147 reversed $339 $-1 #
-572 coedge $-1 $573 $573 $787 $1148 reversed $340 $-1 #
-573 coedge $-1 $572 $572 $965 $1149 reversed $340 $-1 #
-574 coedge $-1 $575 $575 $783 $1150 reversed $341 $-1 #
-575 coedge $-1 $574 $574 $961 $1151 reversed $341 $-1 #
-576 coedge $-1 $577 $577 $779 $1152 reversed $342 $-1 #
-577 coedge $-1 $576 $576 $957 $1153 reversed $342 $-1 #
-578 coedge $-1 $579 $579 $775 $1154 reversed $343 $-1 #
-579 coedge $-1 $578 $578 $953 $1155 reversed $343 $-1 #
-580 coedge $-1 $581 $581 $771 $1156 reversed $344 $-1 #
-581 coedge $-1 $580 $580 $949 $1157 reversed $344 $-1 #
-582 coedge $-1 $583 $583 $767 $1158 reversed $345 $-1 #
-583 coedge $-1 $582 $582 $945 $1159 reversed $345 $-1 #
-584 coedge $-1 $585 $585 $763 $1160 reversed $346 $-1 #
-585 coedge $-1 $584 $584 $941 $1161 reversed $346 $-1 #
-586 coedge $-1 $587 $587 $759 $1162 reversed $347 $-1 #
-587 coedge $-1 $586 $586 $937 $1163 reversed $347 $-1 #
-588 coedge $-1 $589 $589 $755 $1164 reversed $348 $-1 #
-589 coedge $-1 $588 $588 $933 $1165 reversed $348 $-1 #
-590 coedge $-1 $591 $591 $751 $1166 reversed $349 $-1 #
-591 coedge $-1 $590 $590 $929 $1167 reversed $349 $-1 #
-592 coedge $-1 $593 $593 $747 $1168 reversed $350 $-1 #
-593 coedge $-1 $592 $592 $925 $1169 reversed $350 $-1 #
-594 coedge $-1 $595 $597 $616 $1170 reversed $351 $-1 #
-595 coedge $-1 $596 $594 $739 $1171 forward $351 $-1 #
-596 coedge $-1 $597 $595 $606 $1172 forward $351 $-1 #
-597 coedge $-1 $594 $596 $745 $1173 forward $351 $-1 #
-598 coedge $-1 $599 $601 $692 $1174 forward $352 $-1 #
-599 coedge $-1 $600 $598 $496 $1072 forward $352 $-1 #
-600 coedge $-1 $601 $599 $654 $1175 forward $352 $-1 #
-601 coedge $-1 $598 $600 $492 $1068 forward $352 $-1 #
-602 coedge $-1 $603 $609 $554 $1130 reversed $353 $-1 #
-603 coedge $-1 $604 $602 $730 $1176 forward $353 $-1 #
-604 coedge $-1 $605 $603 $514 $1090 reversed $353 $-1 #
-605 coedge $-1 $606 $604 $742 $1177 forward $353 $-1 #
-606 coedge $-1 $607 $605 $596 $1172 reversed $353 $-1 #
-607 coedge $-1 $608 $606 $738 $1178 forward $353 $-1 #
-608 coedge $-1 $609 $607 $558 $1134 reversed $353 $-1 #
-609 coedge $-1 $602 $608 $734 $1179 forward $353 $-1 #
-610 coedge $-1 $611 $617 $516 $1092 forward $354 $-1 #
-611 coedge $-1 $612 $610 $732 $1180 forward $354 $-1 #
-612 coedge $-1 $613 $611 $552 $1128 forward $354 $-1 #
-613 coedge $-1 $614 $612 $736 $1181 forward $354 $-1 #
-614 coedge $-1 $615 $613 $556 $1132 forward $354 $-1 #
-615 coedge $-1 $616 $614 $740 $1182 forward $354 $-1 #
-616 coedge $-1 $617 $615 $594 $1170 forward $354 $-1 #
-617 coedge $-1 $610 $616 $744 $1183 forward $354 $-1 #
-618 coedge $-1 $619 $619 $1057 $1184 forward $355 $-1 #
-619 coedge $-1 $618 $618 $879 $1185 forward $355 $-1 #
-620 coedge $-1 $621 $621 $1053 $1186 forward $356 $-1 #
-621 coedge $-1 $620 $620 $875 $1187 forward $356 $-1 #
-622 coedge $-1 $623 $623 $1049 $1188 forward $357 $-1 #
-623 coedge $-1 $622 $622 $871 $1189 forward $357 $-1 #
-624 coedge $-1 $625 $625 $1045 $1190 forward $358 $-1 #
-625 coedge $-1 $624 $624 $867 $1191 forward $358 $-1 #
-626 coedge $-1 $627 $627 $1041 $1192 forward $359 $-1 #
-627 coedge $-1 $626 $626 $863 $1193 forward $359 $-1 #
-628 coedge $-1 $629 $629 $1037 $1194 forward $360 $-1 #
-629 coedge $-1 $628 $628 $859 $1195 forward $360 $-1 #
-630 coedge $-1 $631 $631 $1033 $1196 forward $361 $-1 #
-631 coedge $-1 $630 $630 $855 $1197 forward $361 $-1 #
-632 coedge $-1 $633 $633 $1029 $1198 forward $362 $-1 #
-633 coedge $-1 $632 $632 $851 $1199 forward $362 $-1 #
-634 coedge $-1 $635 $635 $1025 $1200 forward $363 $-1 #
-635 coedge $-1 $634 $634 $847 $1201 forward $363 $-1 #
-636 coedge $-1 $637 $637 $1021 $1202 forward $364 $-1 #
-637 coedge $-1 $636 $636 $843 $1203 forward $364 $-1 #
-638 coedge $-1 $639 $639 $1017 $1204 forward $365 $-1 #
-639 coedge $-1 $638 $638 $839 $1205 forward $365 $-1 #
-640 coedge $-1 $641 $641 $1013 $1206 forward $366 $-1 #
-641 coedge $-1 $640 $640 $835 $1207 forward $366 $-1 #
-642 coedge $-1 $643 $643 $1009 $1208 forward $367 $-1 #
-643 coedge $-1 $642 $642 $831 $1209 forward $367 $-1 #
-644 coedge $-1 $645 $645 $1005 $1210 forward $368 $-1 #
-645 coedge $-1 $644 $644 $827 $1211 forward $368 $-1 #
-646 coedge $-1 $647 $647 $1001 $1212 forward $369 $-1 #
-647 coedge $-1 $646 $646 $823 $1213 forward $369 $-1 #
-648 coedge $-1 $649 $649 $997 $1214 forward $370 $-1 #
-649 coedge $-1 $648 $648 $819 $1215 forward $370 $-1 #
-650 coedge $-1 $651 $651 $993 $1216 forward $371 $-1 #
-651 coedge $-1 $650 $650 $815 $1217 forward $371 $-1 #
-652 coedge $-1 $653 $655 $697 $1218 forward $372 $-1 #
-653 coedge $-1 $654 $652 $493 $1069 reversed $372 $-1 #
-654 coedge $-1 $655 $653 $600 $1175 reversed $372 $-1 #
-655 coedge $-1 $652 $654 $495 $1071 forward $372 $-1 #
-656 coedge $-1 $657 $657 $987 $1219 forward $373 $-1 #
-657 coedge $-1 $656 $656 $813 $1220 forward $373 $-1 #
-658 coedge $-1 $659 $659 $983 $1221 forward $374 $-1 #
-659 coedge $-1 $658 $658 $809 $1222 forward $374 $-1 #
-660 coedge $-1 $661 $661 $979 $1223 forward $375 $-1 #
-661 coedge $-1 $660 $660 $805 $1224 forward $375 $-1 #
-662 coedge $-1 $663 $663 $975 $1225 forward $376 $-1 #
-663 coedge $-1 $662 $662 $801 $1226 forward $376 $-1 #
-664 coedge $-1 $665 $665 $971 $1227 forward $377 $-1 #
-665 coedge $-1 $664 $664 $797 $1228 forward $377 $-1 #
-666 coedge $-1 $667 $667 $967 $1229 forward $378 $-1 #
-667 coedge $-1 $666 $666 $793 $1230 forward $378 $-1 #
-668 coedge $-1 $669 $669 $963 $1231 forward $379 $-1 #
-669 coedge $-1 $668 $668 $789 $1232 forward $379 $-1 #
-670 coedge $-1 $671 $671 $959 $1233 forward $380 $-1 #
-671 coedge $-1 $670 $670 $785 $1234 forward $380 $-1 #
-672 coedge $-1 $673 $673 $955 $1235 forward $381 $-1 #
-673 coedge $-1 $672 $672 $781 $1236 forward $381 $-1 #
-674 coedge $-1 $675 $675 $951 $1237 forward $382 $-1 #
-675 coedge $-1 $674 $674 $777 $1238 forward $382 $-1 #
-676 coedge $-1 $677 $677 $947 $1239 forward $383 $-1 #
-677 coedge $-1 $676 $676 $773 $1240 forward $383 $-1 #
-678 coedge $-1 $679 $679 $943 $1241 forward $384 $-1 #
-679 coedge $-1 $678 $678 $769 $1242 forward $384 $-1 #
-680 coedge $-1 $681 $681 $939 $1243 forward $385 $-1 #
-681 coedge $-1 $680 $680 $765 $1244 forward $385 $-1 #
-682 coedge $-1 $683 $683 $935 $1245 forward $386 $-1 #
-683 coedge $-1 $682 $682 $761 $1246 forward $386 $-1 #
-684 coedge $-1 $685 $685 $931 $1247 forward $387 $-1 #
-685 coedge $-1 $684 $684 $757 $1248 forward $387 $-1 #
-686 coedge $-1 $687 $687 $927 $1249 forward $388 $-1 #
-687 coedge $-1 $686 $686 $753 $1250 forward $388 $-1 #
-688 coedge $-1 $689 $689 $923 $1251 forward $389 $-1 #
-689 coedge $-1 $688 $688 $749 $1252 forward $389 $-1 #
-690 coedge $-1 $691 $693 $695 $1253 forward $390 $-1 #
-691 coedge $-1 $692 $690 $497 $1073 reversed $390 $-1 #
-692 coedge $-1 $693 $691 $598 $1174 reversed $390 $-1 #
-693 coedge $-1 $690 $692 $491 $1067 forward $390 $-1 #
-694 coedge $-1 $695 $697 $494 $1070 reversed $391 $-1 #
-695 coedge $-1 $696 $694 $690 $1253 reversed $391 $-1 #
-696 coedge $-1 $697 $695 $490 $1066 reversed $391 $-1 #
-697 coedge $-1 $694 $696 $652 $1218 reversed $391 $-1 #
-698 coedge $-1 $699 $701 $498 $1074 forward $392 $-1 #
-699 coedge $-1 $700 $698 $728 $1254 forward $392 $-1 #
-700 coedge $-1 $701 $699 $507 $1083 reversed $392 $-1 #
-701 coedge $-1 $698 $700 $702 $1255 reversed $392 $-1 #
-702 coedge $-1 $703 $705 $701 $1255 forward $393 $-1 #
-703 coedge $-1 $704 $702 $506 $1082 forward $393 $-1 #
-704 coedge $-1 $705 $703 $707 $1256 reversed $393 $-1 #
-705 coedge $-1 $702 $704 $499 $1075 reversed $393 $-1 #
-706 coedge $-1 $707 $709 $500 $1076 forward $394 $-1 #
-707 coedge $-1 $708 $706 $704 $1256 forward $394 $-1 #
-708 coedge $-1 $709 $707 $513 $1089 reversed $394 $-1 #
-709 coedge $-1 $706 $708 $710 $1257 reversed $394 $-1 #
-710 coedge $-1 $711 $713 $709 $1257 forward $395 $-1 #
-711 coedge $-1 $712 $710 $512 $1088 forward $395 $-1 #
-712 coedge $-1 $713 $711 $714 $1258 reversed $395 $-1 #
-713 coedge $-1 $710 $712 $501 $1077 reversed $395 $-1 #
-714 coedge $-1 $715 $717 $712 $1258 forward $396 $-1 #
-715 coedge $-1 $716 $714 $511 $1087 forward $396 $-1 #
-716 coedge $-1 $717 $715 $718 $1259 reversed $396 $-1 #
-717 coedge $-1 $714 $716 $502 $1078 reversed $396 $-1 #
-718 coedge $-1 $719 $721 $716 $1259 forward $397 $-1 #
-719 coedge $-1 $720 $718 $510 $1086 forward $397 $-1 #
-720 coedge $-1 $721 $719 $722 $1260 reversed $397 $-1 #
-721 coedge $-1 $718 $720 $503 $1079 reversed $397 $-1 #
-722 coedge $-1 $723 $725 $720 $1260 forward $398 $-1 #
-723 coedge $-1 $724 $722 $509 $1085 forward $398 $-1 #
-724 coedge $-1 $725 $723 $726 $1261 reversed $398 $-1 #
-725 coedge $-1 $722 $724 $504 $1080 reversed $398 $-1 #
-726 coedge $-1 $727 $729 $724 $1261 forward $399 $-1 #
-727 coedge $-1 $728 $726 $508 $1084 forward $399 $-1 #
-728 coedge $-1 $729 $727 $699 $1254 reversed $399 $-1 #
-729 coedge $-1 $726 $728 $505 $1081 reversed $399 $-1 #
-730 coedge $-1 $731 $733 $603 $1176 reversed $400 $-1 #
-731 coedge $-1 $732 $730 $553 $1129 reversed $400 $-1 #
-732 coedge $-1 $733 $731 $611 $1180 reversed $400 $-1 #
-733 coedge $-1 $730 $732 $515 $1091 reversed $400 $-1 #
-734 coedge $-1 $735 $737 $609 $1179 reversed $401 $-1 #
-735 coedge $-1 $736 $734 $557 $1133 reversed $401 $-1 #
-736 coedge $-1 $737 $735 $613 $1181 reversed $401 $-1 #
-737 coedge $-1 $734 $736 $555 $1131 reversed $401 $-1 #
-738 coedge $-1 $739 $741 $607 $1178 reversed $402 $-1 #
-739 coedge $-1 $740 $738 $595 $1171 reversed $402 $-1 #
-740 coedge $-1 $741 $739 $615 $1182 reversed $402 $-1 #
-741 coedge $-1 $738 $740 $559 $1135 reversed $402 $-1 #
-742 coedge $-1 $743 $745 $605 $1177 reversed $403 $-1 #
-743 coedge $-1 $744 $742 $517 $1093 reversed $403 $-1 #
-744 coedge $-1 $745 $743 $617 $1183 reversed $403 $-1 #
-745 coedge $-1 $742 $744 $597 $1173 reversed $403 $-1 #
-746 coedge $-1 $747 $749 $922 $1262 forward $404 $-1 #
-747 coedge $-1 $748 $746 $592 $1168 forward $404 $-1 #
-748 coedge $-1 $749 $747 $924 $1263 reversed $404 $-1 #
-749 coedge $-1 $746 $748 $689 $1252 reversed $404 $-1 #
-750 coedge $-1 $751 $753 $926 $1264 forward $405 $-1 #
-751 coedge $-1 $752 $750 $590 $1166 forward $405 $-1 #
-752 coedge $-1 $753 $751 $928 $1265 reversed $405 $-1 #
-753 coedge $-1 $750 $752 $687 $1250 reversed $405 $-1 #
-754 coedge $-1 $755 $757 $930 $1266 forward $406 $-1 #
-755 coedge $-1 $756 $754 $588 $1164 forward $406 $-1 #
-756 coedge $-1 $757 $755 $932 $1267 reversed $406 $-1 #
-757 coedge $-1 $754 $756 $685 $1248 reversed $406 $-1 #
-758 coedge $-1 $759 $761 $934 $1268 forward $407 $-1 #
-759 coedge $-1 $760 $758 $586 $1162 forward $407 $-1 #
-760 coedge $-1 $761 $759 $936 $1269 reversed $407 $-1 #
-761 coedge $-1 $758 $760 $683 $1246 reversed $407 $-1 #
-762 coedge $-1 $763 $765 $938 $1270 forward $408 $-1 #
-763 coedge $-1 $764 $762 $584 $1160 forward $408 $-1 #
-764 coedge $-1 $765 $763 $940 $1271 reversed $408 $-1 #
-765 coedge $-1 $762 $764 $681 $1244 reversed $408 $-1 #
-766 coedge $-1 $767 $769 $942 $1272 forward $409 $-1 #
-767 coedge $-1 $768 $766 $582 $1158 forward $409 $-1 #
-768 coedge $-1 $769 $767 $944 $1273 reversed $409 $-1 #
-769 coedge $-1 $766 $768 $679 $1242 reversed $409 $-1 #
-770 coedge $-1 $771 $773 $946 $1274 forward $410 $-1 #
-771 coedge $-1 $772 $770 $580 $1156 forward $410 $-1 #
-772 coedge $-1 $773 $771 $948 $1275 reversed $410 $-1 #
-773 coedge $-1 $770 $772 $677 $1240 reversed $410 $-1 #
-774 coedge $-1 $775 $777 $950 $1276 forward $411 $-1 #
-775 coedge $-1 $776 $774 $578 $1154 forward $411 $-1 #
-776 coedge $-1 $777 $775 $952 $1277 reversed $411 $-1 #
-777 coedge $-1 $774 $776 $675 $1238 reversed $411 $-1 #
-778 coedge $-1 $779 $781 $954 $1278 forward $412 $-1 #
-779 coedge $-1 $780 $778 $576 $1152 forward $412 $-1 #
-780 coedge $-1 $781 $779 $956 $1279 reversed $412 $-1 #
-781 coedge $-1 $778 $780 $673 $1236 reversed $412 $-1 #
-782 coedge $-1 $783 $785 $958 $1280 forward $413 $-1 #
-783 coedge $-1 $784 $782 $574 $1150 forward $413 $-1 #
-784 coedge $-1 $785 $783 $960 $1281 reversed $413 $-1 #
-785 coedge $-1 $782 $784 $671 $1234 reversed $413 $-1 #
-786 coedge $-1 $787 $789 $962 $1282 forward $414 $-1 #
-787 coedge $-1 $788 $786 $572 $1148 forward $414 $-1 #
-788 coedge $-1 $789 $787 $964 $1283 reversed $414 $-1 #
-789 coedge $-1 $786 $788 $669 $1232 reversed $414 $-1 #
-790 coedge $-1 $791 $793 $966 $1284 forward $415 $-1 #
-791 coedge $-1 $792 $790 $570 $1146 forward $415 $-1 #
-792 coedge $-1 $793 $791 $968 $1285 reversed $415 $-1 #
-793 coedge $-1 $790 $792 $667 $1230 reversed $415 $-1 #
-794 coedge $-1 $795 $797 $970 $1286 forward $416 $-1 #
-795 coedge $-1 $796 $794 $568 $1144 forward $416 $-1 #
-796 coedge $-1 $797 $795 $972 $1287 reversed $416 $-1 #
-797 coedge $-1 $794 $796 $665 $1228 reversed $416 $-1 #
-798 coedge $-1 $799 $801 $974 $1288 forward $417 $-1 #
-799 coedge $-1 $800 $798 $566 $1142 forward $417 $-1 #
-800 coedge $-1 $801 $799 $976 $1289 reversed $417 $-1 #
-801 coedge $-1 $798 $800 $663 $1226 reversed $417 $-1 #
-802 coedge $-1 $803 $805 $978 $1290 forward $418 $-1 #
-803 coedge $-1 $804 $802 $564 $1140 forward $418 $-1 #
-804 coedge $-1 $805 $803 $980 $1291 reversed $418 $-1 #
-805 coedge $-1 $802 $804 $661 $1224 reversed $418 $-1 #
-806 coedge $-1 $807 $809 $982 $1292 forward $419 $-1 #
-807 coedge $-1 $808 $806 $562 $1138 forward $419 $-1 #
-808 coedge $-1 $809 $807 $984 $1293 reversed $419 $-1 #
-809 coedge $-1 $806 $808 $659 $1222 reversed $419 $-1 #
-810 coedge $-1 $811 $813 $986 $1294 forward $420 $-1 #
-811 coedge $-1 $812 $810 $560 $1136 forward $420 $-1 #
-812 coedge $-1 $813 $811 $988 $1295 reversed $420 $-1 #
-813 coedge $-1 $810 $812 $657 $1220 reversed $420 $-1 #
-814 coedge $-1 $815 $817 $990 $1296 forward $421 $-1 #
-815 coedge $-1 $816 $814 $651 $1217 reversed $421 $-1 #
-816 coedge $-1 $817 $815 $992 $1297 reversed $421 $-1 #
-817 coedge $-1 $814 $816 $550 $1126 forward $421 $-1 #
-818 coedge $-1 $819 $821 $994 $1298 forward $422 $-1 #
-819 coedge $-1 $820 $818 $649 $1215 reversed $422 $-1 #
-820 coedge $-1 $821 $819 $996 $1299 reversed $422 $-1 #
-821 coedge $-1 $818 $820 $548 $1124 forward $422 $-1 #
-822 coedge $-1 $823 $825 $998 $1300 forward $423 $-1 #
-823 coedge $-1 $824 $822 $647 $1213 reversed $423 $-1 #
-824 coedge $-1 $825 $823 $1000 $1301 reversed $423 $-1 #
-825 coedge $-1 $822 $824 $546 $1122 forward $423 $-1 #
-826 coedge $-1 $827 $829 $1002 $1302 forward $424 $-1 #
-827 coedge $-1 $828 $826 $645 $1211 reversed $424 $-1 #
-828 coedge $-1 $829 $827 $1004 $1303 reversed $424 $-1 #
-829 coedge $-1 $826 $828 $544 $1120 forward $424 $-1 #
-830 coedge $-1 $831 $833 $1006 $1304 forward $425 $-1 #
-831 coedge $-1 $832 $830 $643 $1209 reversed $425 $-1 #
-832 coedge $-1 $833 $831 $1008 $1305 reversed $425 $-1 #
-833 coedge $-1 $830 $832 $542 $1118 forward $425 $-1 #
-834 coedge $-1 $835 $837 $1010 $1306 forward $426 $-1 #
-835 coedge $-1 $836 $834 $641 $1207 reversed $426 $-1 #
-836 coedge $-1 $837 $835 $1012 $1307 reversed $426 $-1 #
-837 coedge $-1 $834 $836 $540 $1116 forward $426 $-1 #
-838 coedge $-1 $839 $841 $1014 $1308 forward $427 $-1 #
-839 coedge $-1 $840 $838 $639 $1205 reversed $427 $-1 #
-840 coedge $-1 $841 $839 $1016 $1309 reversed $427 $-1 #
-841 coedge $-1 $838 $840 $538 $1114 forward $427 $-1 #
-842 coedge $-1 $843 $845 $1018 $1310 forward $428 $-1 #
-843 coedge $-1 $844 $842 $637 $1203 reversed $428 $-1 #
-844 coedge $-1 $845 $843 $1020 $1311 reversed $428 $-1 #
-845 coedge $-1 $842 $844 $536 $1112 forward $428 $-1 #
-846 coedge $-1 $847 $849 $1022 $1312 forward $429 $-1 #
-847 coedge $-1 $848 $846 $635 $1201 reversed $429 $-1 #
-848 coedge $-1 $849 $847 $1024 $1313 reversed $429 $-1 #
-849 coedge $-1 $846 $848 $534 $1110 forward $429 $-1 #
-850 coedge $-1 $851 $853 $1026 $1314 forward $430 $-1 #
-851 coedge $-1 $852 $850 $633 $1199 reversed $430 $-1 #
-852 coedge $-1 $853 $851 $1028 $1315 reversed $430 $-1 #
-853 coedge $-1 $850 $852 $532 $1108 forward $430 $-1 #
-854 coedge $-1 $855 $857 $1030 $1316 forward $431 $-1 #
-855 coedge $-1 $856 $854 $631 $1197 reversed $431 $-1 #
-856 coedge $-1 $857 $855 $1032 $1317 reversed $431 $-1 #
-857 coedge $-1 $854 $856 $530 $1106 forward $431 $-1 #
-858 coedge $-1 $859 $861 $1034 $1318 forward $432 $-1 #
-859 coedge $-1 $860 $858 $629 $1195 reversed $432 $-1 #
-860 coedge $-1 $861 $859 $1036 $1319 reversed $432 $-1 #
-861 coedge $-1 $858 $860 $528 $1104 forward $432 $-1 #
-862 coedge $-1 $863 $865 $1038 $1320 forward $433 $-1 #
-863 coedge $-1 $864 $862 $627 $1193 reversed $433 $-1 #
-864 coedge $-1 $865 $863 $1040 $1321 reversed $433 $-1 #
-865 coedge $-1 $862 $864 $526 $1102 forward $433 $-1 #
-866 coedge $-1 $867 $869 $1042 $1322 forward $434 $-1 #
-867 coedge $-1 $868 $866 $625 $1191 reversed $434 $-1 #
-868 coedge $-1 $869 $867 $1044 $1323 reversed $434 $-1 #
-869 coedge $-1 $866 $868 $524 $1100 forward $434 $-1 #
-870 coedge $-1 $871 $873 $1046 $1324 forward $435 $-1 #
-871 coedge $-1 $872 $870 $623 $1189 reversed $435 $-1 #
-872 coedge $-1 $873 $871 $1048 $1325 reversed $435 $-1 #
-873 coedge $-1 $870 $872 $522 $1098 forward $435 $-1 #
-874 coedge $-1 $875 $877 $1050 $1326 forward $436 $-1 #
-875 coedge $-1 $876 $874 $621 $1187 reversed $436 $-1 #
-876 coedge $-1 $877 $875 $1052 $1327 reversed $436 $-1 #
-877 coedge $-1 $874 $876 $520 $1096 forward $436 $-1 #
-878 coedge $-1 $879 $881 $1054 $1328 forward $437 $-1 #
-879 coedge $-1 $880 $878 $619 $1185 reversed $437 $-1 #
-880 coedge $-1 $881 $879 $1056 $1329 reversed $437 $-1 #
-881 coedge $-1 $878 $880 $518 $1094 forward $437 $-1 #
-882 coedge $-1 $883 $885 $897 $1330 forward $438 $-1 #
-883 coedge $-1 $884 $882 $905 $1331 forward $438 $-1 #
-884 coedge $-1 $885 $883 $899 $1332 reversed $438 $-1 #
-885 coedge $-1 $882 $884 $893 $1333 reversed $438 $-1 #
-886 coedge $-1 $887 $889 $913 $1334 forward $439 $-1 #
-887 coedge $-1 $888 $886 $921 $1335 forward $439 $-1 #
-888 coedge $-1 $889 $887 $915 $1336 reversed $439 $-1 #
-889 coedge $-1 $886 $888 $909 $1337 reversed $439 $-1 #
-890 coedge $-1 $891 $893 $898 $1338 reversed $440 $-1 #
-891 coedge $-1 $892 $890 $485 $1061 reversed $440 $-1 #
-892 coedge $-1 $893 $891 $894 $1339 reversed $440 $-1 #
-893 coedge $-1 $890 $892 $885 $1333 forward $440 $-1 #
-894 coedge $-1 $895 $897 $892 $1339 forward $441 $-1 #
-895 coedge $-1 $896 $894 $484 $1060 reversed $441 $-1 #
-896 coedge $-1 $897 $895 $902 $1340 reversed $441 $-1 #
-897 coedge $-1 $894 $896 $882 $1330 reversed $441 $-1 #
-898 coedge $-1 $899 $901 $890 $1338 forward $442 $-1 #
-899 coedge $-1 $900 $898 $884 $1332 forward $442 $-1 #
-900 coedge $-1 $901 $899 $904 $1341 reversed $442 $-1 #
-901 coedge $-1 $898 $900 $482 $1058 reversed $442 $-1 #
-902 coedge $-1 $903 $905 $896 $1340 forward $443 $-1 #
-903 coedge $-1 $904 $902 $483 $1059 reversed $443 $-1 #
-904 coedge $-1 $905 $903 $900 $1341 forward $443 $-1 #
-905 coedge $-1 $902 $904 $883 $1331 reversed $443 $-1 #
-906 coedge $-1 $907 $909 $914 $1342 reversed $444 $-1 #
-907 coedge $-1 $908 $906 $489 $1065 reversed $444 $-1 #
-908 coedge $-1 $909 $907 $910 $1343 reversed $444 $-1 #
-909 coedge $-1 $906 $908 $889 $1337 forward $444 $-1 #
-910 coedge $-1 $911 $913 $908 $1343 forward $445 $-1 #
-911 coedge $-1 $912 $910 $488 $1064 reversed $445 $-1 #
-912 coedge $-1 $913 $911 $918 $1344 reversed $445 $-1 #
-913 coedge $-1 $910 $912 $886 $1334 reversed $445 $-1 #
-914 coedge $-1 $915 $917 $906 $1342 forward $446 $-1 #
-915 coedge $-1 $916 $914 $888 $1336 forward $446 $-1 #
-916 coedge $-1 $917 $915 $920 $1345 reversed $446 $-1 #
-917 coedge $-1 $914 $916 $486 $1062 reversed $446 $-1 #
-918 coedge $-1 $919 $921 $912 $1344 forward $447 $-1 #
-919 coedge $-1 $920 $918 $487 $1063 reversed $447 $-1 #
-920 coedge $-1 $921 $919 $916 $1345 forward $447 $-1 #
-921 coedge $-1 $918 $920 $887 $1335 reversed $447 $-1 #
-922 coedge $-1 $923 $925 $746 $1262 reversed $448 $-1 #
-923 coedge $-1 $924 $922 $688 $1251 reversed $448 $-1 #
-924 coedge $-1 $925 $923 $748 $1263 forward $448 $-1 #
-925 coedge $-1 $922 $924 $593 $1169 forward $448 $-1 #
-926 coedge $-1 $927 $929 $750 $1264 reversed $449 $-1 #
-927 coedge $-1 $928 $926 $686 $1249 reversed $449 $-1 #
-928 coedge $-1 $929 $927 $752 $1265 forward $449 $-1 #
-929 coedge $-1 $926 $928 $591 $1167 forward $449 $-1 #
-930 coedge $-1 $931 $933 $754 $1266 reversed $450 $-1 #
-931 coedge $-1 $932 $930 $684 $1247 reversed $450 $-1 #
-932 coedge $-1 $933 $931 $756 $1267 forward $450 $-1 #
-933 coedge $-1 $930 $932 $589 $1165 forward $450 $-1 #
-934 coedge $-1 $935 $937 $758 $1268 reversed $451 $-1 #
-935 coedge $-1 $936 $934 $682 $1245 reversed $451 $-1 #
-936 coedge $-1 $937 $935 $760 $1269 forward $451 $-1 #
-937 coedge $-1 $934 $936 $587 $1163 forward $451 $-1 #
-938 coedge $-1 $939 $941 $762 $1270 reversed $452 $-1 #
-939 coedge $-1 $940 $938 $680 $1243 reversed $452 $-1 #
-940 coedge $-1 $941 $939 $764 $1271 forward $452 $-1 #
-941 coedge $-1 $938 $940 $585 $1161 forward $452 $-1 #
-942 coedge $-1 $943 $945 $766 $1272 reversed $453 $-1 #
-943 coedge $-1 $944 $942 $678 $1241 reversed $453 $-1 #
-944 coedge $-1 $945 $943 $768 $1273 forward $453 $-1 #
-945 coedge $-1 $942 $944 $583 $1159 forward $453 $-1 #
-946 coedge $-1 $947 $949 $770 $1274 reversed $454 $-1 #
-947 coedge $-1 $948 $946 $676 $1239 reversed $454 $-1 #
-948 coedge $-1 $949 $947 $772 $1275 forward $454 $-1 #
-949 coedge $-1 $946 $948 $581 $1157 forward $454 $-1 #
-950 coedge $-1 $951 $953 $774 $1276 reversed $455 $-1 #
-951 coedge $-1 $952 $950 $674 $1237 reversed $455 $-1 #
-952 coedge $-1 $953 $951 $776 $1277 forward $455 $-1 #
-953 coedge $-1 $950 $952 $579 $1155 forward $455 $-1 #
-954 coedge $-1 $955 $957 $778 $1278 reversed $456 $-1 #
-955 coedge $-1 $956 $954 $672 $1235 reversed $456 $-1 #
-956 coedge $-1 $957 $955 $780 $1279 forward $456 $-1 #
-957 coedge $-1 $954 $956 $577 $1153 forward $456 $-1 #
-958 coedge $-1 $959 $961 $782 $1280 reversed $457 $-1 #
-959 coedge $-1 $960 $958 $670 $1233 reversed $457 $-1 #
-960 coedge $-1 $961 $959 $784 $1281 forward $457 $-1 #
-961 coedge $-1 $958 $960 $575 $1151 forward $457 $-1 #
-962 coedge $-1 $963 $965 $786 $1282 reversed $458 $-1 #
-963 coedge $-1 $964 $962 $668 $1231 reversed $458 $-1 #
-964 coedge $-1 $965 $963 $788 $1283 forward $458 $-1 #
-965 coedge $-1 $962 $964 $573 $1149 forward $458 $-1 #
-966 coedge $-1 $967 $969 $790 $1284 reversed $459 $-1 #
-967 coedge $-1 $968 $966 $666 $1229 reversed $459 $-1 #
-968 coedge $-1 $969 $967 $792 $1285 forward $459 $-1 #
-969 coedge $-1 $966 $968 $571 $1147 forward $459 $-1 #
-970 coedge $-1 $971 $973 $794 $1286 reversed $460 $-1 #
-971 coedge $-1 $972 $970 $664 $1227 reversed $460 $-1 #
-972 coedge $-1 $973 $971 $796 $1287 forward $460 $-1 #
-973 coedge $-1 $970 $972 $569 $1145 forward $460 $-1 #
-974 coedge $-1 $975 $977 $798 $1288 reversed $461 $-1 #
-975 coedge $-1 $976 $974 $662 $1225 reversed $461 $-1 #
-976 coedge $-1 $977 $975 $800 $1289 forward $461 $-1 #
-977 coedge $-1 $974 $976 $567 $1143 forward $461 $-1 #
-978 coedge $-1 $979 $981 $802 $1290 reversed $462 $-1 #
-979 coedge $-1 $980 $978 $660 $1223 reversed $462 $-1 #
-980 coedge $-1 $981 $979 $804 $1291 forward $462 $-1 #
-981 coedge $-1 $978 $980 $565 $1141 forward $462 $-1 #
-982 coedge $-1 $983 $985 $806 $1292 reversed $463 $-1 #
-983 coedge $-1 $984 $982 $658 $1221 reversed $463 $-1 #
-984 coedge $-1 $985 $983 $808 $1293 forward $463 $-1 #
-985 coedge $-1 $982 $984 $563 $1139 forward $463 $-1 #
-986 coedge $-1 $987 $989 $810 $1294 reversed $464 $-1 #
-987 coedge $-1 $988 $986 $656 $1219 reversed $464 $-1 #
-988 coedge $-1 $989 $987 $812 $1295 forward $464 $-1 #
-989 coedge $-1 $986 $988 $561 $1137 forward $464 $-1 #
-990 coedge $-1 $991 $993 $814 $1296 reversed $465 $-1 #
-991 coedge $-1 $992 $990 $551 $1127 forward $465 $-1 #
-992 coedge $-1 $993 $991 $816 $1297 forward $465 $-1 #
-993 coedge $-1 $990 $992 $650 $1216 reversed $465 $-1 #
-994 coedge $-1 $995 $997 $818 $1298 reversed $466 $-1 #
-995 coedge $-1 $996 $994 $549 $1125 forward $466 $-1 #
-996 coedge $-1 $997 $995 $820 $1299 forward $466 $-1 #
-997 coedge $-1 $994 $996 $648 $1214 reversed $466 $-1 #
-998 coedge $-1 $999 $1001 $822 $1300 reversed $467 $-1 #
-999 coedge $-1 $1000 $998 $547 $1123 forward $467 $-1 #
-1000 coedge $-1 $1001 $999 $824 $1301 forward $467 $-1 #
-1001 coedge $-1 $998 $1000 $646 $1212 reversed $467 $-1 #
-1002 coedge $-1 $1003 $1005 $826 $1302 reversed $468 $-1 #
-1003 coedge $-1 $1004 $1002 $545 $1121 forward $468 $-1 #
-1004 coedge $-1 $1005 $1003 $828 $1303 forward $468 $-1 #
-1005 coedge $-1 $1002 $1004 $644 $1210 reversed $468 $-1 #
-1006 coedge $-1 $1007 $1009 $830 $1304 reversed $469 $-1 #
-1007 coedge $-1 $1008 $1006 $543 $1119 forward $469 $-1 #
-1008 coedge $-1 $1009 $1007 $832 $1305 forward $469 $-1 #
-1009 coedge $-1 $1006 $1008 $642 $1208 reversed $469 $-1 #
-1010 coedge $-1 $1011 $1013 $834 $1306 reversed $470 $-1 #
-1011 coedge $-1 $1012 $1010 $541 $1117 forward $470 $-1 #
-1012 coedge $-1 $1013 $1011 $836 $1307 forward $470 $-1 #
-1013 coedge $-1 $1010 $1012 $640 $1206 reversed $470 $-1 #
-1014 coedge $-1 $1015 $1017 $838 $1308 reversed $471 $-1 #
-1015 coedge $-1 $1016 $1014 $539 $1115 forward $471 $-1 #
-1016 coedge $-1 $1017 $1015 $840 $1309 forward $471 $-1 #
-1017 coedge $-1 $1014 $1016 $638 $1204 reversed $471 $-1 #
-1018 coedge $-1 $1019 $1021 $842 $1310 reversed $472 $-1 #
-1019 coedge $-1 $1020 $1018 $537 $1113 forward $472 $-1 #
-1020 coedge $-1 $1021 $1019 $844 $1311 forward $472 $-1 #
-1021 coedge $-1 $1018 $1020 $636 $1202 reversed $472 $-1 #
-1022 coedge $-1 $1023 $1025 $846 $1312 reversed $473 $-1 #
-1023 coedge $-1 $1024 $1022 $535 $1111 forward $473 $-1 #
-1024 coedge $-1 $1025 $1023 $848 $1313 forward $473 $-1 #
-1025 coedge $-1 $1022 $1024 $634 $1200 reversed $473 $-1 #
-1026 coedge $-1 $1027 $1029 $850 $1314 reversed $474 $-1 #
-1027 coedge $-1 $1028 $1026 $533 $1109 forward $474 $-1 #
-1028 coedge $-1 $1029 $1027 $852 $1315 forward $474 $-1 #
-1029 coedge $-1 $1026 $1028 $632 $1198 reversed $474 $-1 #
-1030 coedge $-1 $1031 $1033 $854 $1316 reversed $475 $-1 #
-1031 coedge $-1 $1032 $1030 $531 $1107 forward $475 $-1 #
-1032 coedge $-1 $1033 $1031 $856 $1317 forward $475 $-1 #
-1033 coedge $-1 $1030 $1032 $630 $1196 reversed $475 $-1 #
-1034 coedge $-1 $1035 $1037 $858 $1318 reversed $476 $-1 #
-1035 coedge $-1 $1036 $1034 $529 $1105 forward $476 $-1 #
-1036 coedge $-1 $1037 $1035 $860 $1319 forward $476 $-1 #
-1037 coedge $-1 $1034 $1036 $628 $1194 reversed $476 $-1 #
-1038 coedge $-1 $1039 $1041 $862 $1320 reversed $477 $-1 #
-1039 coedge $-1 $1040 $1038 $527 $1103 forward $477 $-1 #
-1040 coedge $-1 $1041 $1039 $864 $1321 forward $477 $-1 #
-1041 coedge $-1 $1038 $1040 $626 $1192 reversed $477 $-1 #
-1042 coedge $-1 $1043 $1045 $866 $1322 reversed $478 $-1 #
-1043 coedge $-1 $1044 $1042 $525 $1101 forward $478 $-1 #
-1044 coedge $-1 $1045 $1043 $868 $1323 forward $478 $-1 #
-1045 coedge $-1 $1042 $1044 $624 $1190 reversed $478 $-1 #
-1046 coedge $-1 $1047 $1049 $870 $1324 reversed $479 $-1 #
-1047 coedge $-1 $1048 $1046 $523 $1099 forward $479 $-1 #
-1048 coedge $-1 $1049 $1047 $872 $1325 forward $479 $-1 #
-1049 coedge $-1 $1046 $1048 $622 $1188 reversed $479 $-1 #
-1050 coedge $-1 $1051 $1053 $874 $1326 reversed $480 $-1 #
-1051 coedge $-1 $1052 $1050 $521 $1097 forward $480 $-1 #
-1052 coedge $-1 $1053 $1051 $876 $1327 forward $480 $-1 #
-1053 coedge $-1 $1050 $1052 $620 $1186 reversed $480 $-1 #
-1054 coedge $-1 $1055 $1057 $878 $1328 reversed $481 $-1 #
-1055 coedge $-1 $1056 $1054 $519 $1095 forward $481 $-1 #
-1056 coedge $-1 $1057 $1055 $880 $1329 forward $481 $-1 #
-1057 coedge $-1 $1054 $1056 $618 $1184 reversed $481 $-1 #
-1058 edge $-1 $1347 0.6823202000 $1349 12.0460008000 $482 $1346 forward 7 unknown #
-1059 edge $-1 $1349 -7.6826799646 $1352 0.5876798000 $483 $1351 forward 7 unknown #
-1060 edge $-1 $1352 -10.7760008000 $1355 0.5876798000 $484 $1354 forward 7 unknown #
-1061 edge $-1 $1355 -10.2226799646 $1347 -1.9523202000 $485 $1357 forward 7 unknown #
-1062 edge $-1 $1359 -10.2226799646 $1361 -1.9523202000 $486 $1358 forward 7 unknown #
-1063 edge $-1 $1361 -10.7760008000 $1364 0.5876798000 $487 $1363 forward 7 unknown #
-1064 edge $-1 $1364 -7.6826799646 $1367 0.5876798000 $488 $1366 forward 7 unknown #
-1065 edge $-1 $1367 0.6823202000 $1359 12.0460008000 $489 $1369 forward 7 unknown #
-1066 edge $-1 $1371 -11.1873215646 $1373 11.1873215646 $490 $1370 forward 7 unknown #
-1067 edge $-1 $1376 0.0000000000 $1373 12.7283214000 $491 $1375 forward 7 unknown #
-1068 edge $-1 $1379 -11.1873215646 $1376 11.1873215646 $492 $1378 forward 7 unknown #
-1069 edge $-1 $1379 0.0000000000 $1371 12.7283214000 $493 $1381 forward 7 unknown #
-1070 edge $-1 $1383 -11.1873215646 $1385 11.1873215646 $494 $1382 forward 7 unknown #
-1071 edge $-1 $1388 0.0000000000 $1385 12.7283214000 $495 $1387 forward 7 unknown #
-1072 edge $-1 $1391 -11.1873215646 $1388 11.1873215646 $496 $1390 forward 7 unknown #
-1073 edge $-1 $1391 0.0000000000 $1383 12.7283214000 $497 $1393 forward 7 unknown #
-1074 edge $-1 $1395 4.9260000000 $1397 6.7760000000 $498 $1394 forward 7 unknown #
-1075 edge $-1 $1395 4.7123889804 $1400 6.2831853072 $499 $1399 forward 7 unknown #
-1076 edge $-1 $1403 -3.8000000000 $1400 3.8000000000 $500 $1402 forward 7 unknown #
-1077 edge $-1 $1403 0.0000000000 $1406 1.5707963268 $501 $1405 forward 7 unknown #
-1078 edge $-1 $1406 4.9260000000 $1409 6.7760000000 $502 $1408 forward 7 unknown #
-1079 edge $-1 $1409 1.5707963268 $1412 3.1415926536 $503 $1411 forward 7 unknown #
-1080 edge $-1 $1412 -3.8000000000 $1415 3.8000000000 $504 $1414 forward 7 unknown #
-1081 edge $-1 $1415 3.1415926536 $1397 4.7123889804 $505 $1417 forward 7 unknown #
-1082 edge $-1 $1419 4.7123889804 $1421 6.2831853072 $506 $1418 forward 7 unknown #
-1083 edge $-1 $1419 -0.9250000000 $1424 0.9250000000 $507 $1423 forward 7 unknown #
-1084 edge $-1 $1427 3.1415926536 $1424 4.7123889804 $508 $1426 forward 7 unknown #
-1085 edge $-1 $1430 -3.8000000000 $1427 3.8000000000 $509 $1429 forward 7 unknown #
-1086 edge $-1 $1433 1.5707963268 $1430 3.1415926536 $510 $1432 forward 7 unknown #
-1087 edge $-1 $1436 -0.9250000000 $1433 0.9250000000 $511 $1435 forward 7 unknown #
-1088 edge $-1 $1439 0.0000000000 $1436 1.5707963268 $512 $1438 forward 7 unknown #
-1089 edge $-1 $1439 -3.8000000000 $1421 3.8000000000 $513 $1441 forward 7 unknown #
-1090 edge $-1 $1443 -10.9050001646 $1445 10.9050001646 $514 $1442 forward 7 unknown #
-1091 edge $-1 $1445 0.0000000000 $1448 13.7160000000 $515 $1447 forward 7 unknown #
-1092 edge $-1 $1451 -10.9050001646 $1448 10.9050001646 $516 $1450 forward 7 unknown #
-1093 edge $-1 $1451 -13.7160000000 $1443 0.0000000000 $517 $1453 forward 7 unknown #
-1094 edge $-1 $1455 3.1415926536 $1457 6.2831853072 $518 $1454 forward 7 unknown #
-1095 edge $-1 $1457 0.0000000000 $1455 3.1415926536 $519 $1459 forward 7 unknown #
-1096 edge $-1 $1461 3.1415926536 $1463 6.2831853072 $520 $1460 forward 7 unknown #
-1097 edge $-1 $1463 0.0000000000 $1461 3.1415926536 $521 $1465 forward 7 unknown #
-1098 edge $-1 $1467 3.1415926536 $1469 6.2831853072 $522 $1466 forward 7 unknown #
-1099 edge $-1 $1469 0.0000000000 $1467 3.1415926536 $523 $1471 forward 7 unknown #
-1100 edge $-1 $1473 3.1415926536 $1475 6.2831853072 $524 $1472 forward 7 unknown #
-1101 edge $-1 $1475 0.0000000000 $1473 3.1415926536 $525 $1477 forward 7 unknown #
-1102 edge $-1 $1479 3.1415926536 $1481 6.2831853072 $526 $1478 forward 7 unknown #
-1103 edge $-1 $1481 0.0000000000 $1479 3.1415926536 $527 $1483 forward 7 unknown #
-1104 edge $-1 $1485 3.1415926536 $1487 6.2831853072 $528 $1484 forward 7 unknown #
-1105 edge $-1 $1487 0.0000000000 $1485 3.1415926536 $529 $1489 forward 7 unknown #
-1106 edge $-1 $1491 3.1415926536 $1493 6.2831853072 $530 $1490 forward 7 unknown #
-1107 edge $-1 $1493 0.0000000000 $1491 3.1415926536 $531 $1495 forward 7 unknown #
-1108 edge $-1 $1497 3.1415926536 $1499 6.2831853072 $532 $1496 forward 7 unknown #
-1109 edge $-1 $1499 0.0000000000 $1497 3.1415926536 $533 $1501 forward 7 unknown #
-1110 edge $-1 $1503 3.1415926536 $1505 6.2831853072 $534 $1502 forward 7 unknown #
-1111 edge $-1 $1505 0.0000000000 $1503 3.1415926536 $535 $1507 forward 7 unknown #
-1112 edge $-1 $1509 3.1415926536 $1511 6.2831853072 $536 $1508 forward 7 unknown #
-1113 edge $-1 $1511 0.0000000000 $1509 3.1415926536 $537 $1513 forward 7 unknown #
-1114 edge $-1 $1515 3.1415926536 $1517 6.2831853072 $538 $1514 forward 7 unknown #
-1115 edge $-1 $1517 0.0000000000 $1515 3.1415926536 $539 $1519 forward 7 unknown #
-1116 edge $-1 $1521 3.1415926536 $1523 6.2831853072 $540 $1520 forward 7 unknown #
-1117 edge $-1 $1523 0.0000000000 $1521 3.1415926536 $541 $1525 forward 7 unknown #
-1118 edge $-1 $1527 3.1415926536 $1529 6.2831853072 $542 $1526 forward 7 unknown #
-1119 edge $-1 $1529 0.0000000000 $1527 3.1415926536 $543 $1531 forward 7 unknown #
-1120 edge $-1 $1533 3.1415926536 $1535 6.2831853072 $544 $1532 forward 7 unknown #
-1121 edge $-1 $1535 0.0000000000 $1533 3.1415926536 $545 $1537 forward 7 unknown #
-1122 edge $-1 $1539 3.1415926536 $1541 6.2831853072 $546 $1538 forward 7 unknown #
-1123 edge $-1 $1541 0.0000000000 $1539 3.1415926536 $547 $1543 forward 7 unknown #
-1124 edge $-1 $1545 3.1415926536 $1547 6.2831853072 $548 $1544 forward 7 unknown #
-1125 edge $-1 $1547 0.0000000000 $1545 3.1415926536 $549 $1549 forward 7 unknown #
-1126 edge $-1 $1551 3.1415926536 $1553 6.2831853072 $550 $1550 forward 7 unknown #
-1127 edge $-1 $1553 0.0000000000 $1551 3.1415926536 $551 $1555 forward 7 unknown #
-1128 edge $-1 $1557 -21.7230227707 $1559 21.7230227707 $552 $1556 forward 7 unknown #
-1129 edge $-1 $1557 -13.7160000000 $1562 0.0000000000 $553 $1561 forward 7 unknown #
-1130 edge $-1 $1562 -21.7230227707 $1565 21.7230227707 $554 $1564 forward 7 unknown #
-1131 edge $-1 $1565 0.0000000000 $1559 13.7160000000 $555 $1567 forward 7 unknown #
-1132 edge $-1 $1569 -10.9050001646 $1571 10.9050001646 $556 $1568 forward 7 unknown #
-1133 edge $-1 $1569 -13.7160000000 $1574 0.0000000000 $557 $1573 forward 7 unknown #
-1134 edge $-1 $1574 -10.9050001646 $1577 10.9050001646 $558 $1576 forward 7 unknown #
-1135 edge $-1 $1577 0.0000000000 $1571 13.7160000000 $559 $1579 forward 7 unknown #
-1136 edge $-1 $1581 3.1415926536 $1583 6.2831853072 $560 $1580 forward 7 unknown #
-1137 edge $-1 $1583 0.0000000000 $1581 3.1415926536 $561 $1585 forward 7 unknown #
-1138 edge $-1 $1587 3.1415926536 $1589 6.2831853072 $562 $1586 forward 7 unknown #
-1139 edge $-1 $1589 0.0000000000 $1587 3.1415926536 $563 $1591 forward 7 unknown #
-1140 edge $-1 $1593 3.1415926536 $1595 6.2831853072 $564 $1592 forward 7 unknown #
-1141 edge $-1 $1595 0.0000000000 $1593 3.1415926536 $565 $1597 forward 7 unknown #
-1142 edge $-1 $1599 3.1415926536 $1601 6.2831853072 $566 $1598 forward 7 unknown #
-1143 edge $-1 $1601 0.0000000000 $1599 3.1415926536 $567 $1603 forward 7 unknown #
-1144 edge $-1 $1605 3.1415926536 $1607 6.2831853072 $568 $1604 forward 7 unknown #
-1145 edge $-1 $1607 0.0000000000 $1605 3.1415926536 $569 $1609 forward 7 unknown #
-1146 edge $-1 $1611 3.1415926536 $1613 6.2831853072 $570 $1610 forward 7 unknown #
-1147 edge $-1 $1613 0.0000000000 $1611 3.1415926536 $571 $1615 forward 7 unknown #
-1148 edge $-1 $1617 3.1415926536 $1619 6.2831853072 $572 $1616 forward 7 unknown #
-1149 edge $-1 $1619 0.0000000000 $1617 3.1415926536 $573 $1621 forward 7 unknown #
-1150 edge $-1 $1623 3.1415926536 $1625 6.2831853072 $574 $1622 forward 7 unknown #
-1151 edge $-1 $1625 0.0000000000 $1623 3.1415926536 $575 $1627 forward 7 unknown #
-1152 edge $-1 $1629 3.1415926536 $1631 6.2831853072 $576 $1628 forward 7 unknown #
-1153 edge $-1 $1631 0.0000000000 $1629 3.1415926536 $577 $1633 forward 7 unknown #
-1154 edge $-1 $1635 3.1415926536 $1637 6.2831853072 $578 $1634 forward 7 unknown #
-1155 edge $-1 $1637 0.0000000000 $1635 3.1415926536 $579 $1639 forward 7 unknown #
-1156 edge $-1 $1641 3.1415926536 $1643 6.2831853072 $580 $1640 forward 7 unknown #
-1157 edge $-1 $1643 0.0000000000 $1641 3.1415926536 $581 $1645 forward 7 unknown #
-1158 edge $-1 $1647 3.1415926536 $1649 6.2831853072 $582 $1646 forward 7 unknown #
-1159 edge $-1 $1649 0.0000000000 $1647 3.1415926536 $583 $1651 forward 7 unknown #
-1160 edge $-1 $1653 3.1415926536 $1655 6.2831853072 $584 $1652 forward 7 unknown #
-1161 edge $-1 $1655 0.0000000000 $1653 3.1415926536 $585 $1657 forward 7 unknown #
-1162 edge $-1 $1659 3.1415926536 $1661 6.2831853072 $586 $1658 forward 7 unknown #
-1163 edge $-1 $1661 0.0000000000 $1659 3.1415926536 $587 $1663 forward 7 unknown #
-1164 edge $-1 $1665 3.1415926536 $1667 6.2831853072 $588 $1664 forward 7 unknown #
-1165 edge $-1 $1667 0.0000000000 $1665 3.1415926536 $589 $1669 forward 7 unknown #
-1166 edge $-1 $1671 3.1415926536 $1673 6.2831853072 $590 $1670 forward 7 unknown #
-1167 edge $-1 $1673 0.0000000000 $1671 3.1415926536 $591 $1675 forward 7 unknown #
-1168 edge $-1 $1677 3.1415926536 $1679 6.2831853072 $592 $1676 forward 7 unknown #
-1169 edge $-1 $1679 0.0000000000 $1677 3.1415926536 $593 $1681 forward 7 unknown #
-1170 edge $-1 $1683 -21.7230227707 $1685 21.7230227707 $594 $1682 forward 7 unknown #
-1171 edge $-1 $1683 -13.7160000000 $1688 0.0000000000 $595 $1687 forward 7 unknown #
-1172 edge $-1 $1688 -21.7230227707 $1691 21.7230227707 $596 $1690 forward 7 unknown #
-1173 edge $-1 $1691 0.0000000000 $1685 13.7160000000 $597 $1693 forward 7 unknown #
-1174 edge $-1 $1376 -22.0053441707 $1391 22.0053441707 $598 $1694 forward 7 unknown #
-1175 edge $-1 $1388 -22.0053441707 $1379 22.0053441707 $600 $1695 forward 7 unknown #
-1176 edge $-1 $1562 3.1415926536 $1445 4.7123889804 $603 $1696 forward 7 unknown #
-1177 edge $-1 $1443 4.7123889804 $1691 6.2831853072 $605 $1697 forward 7 unknown #
-1178 edge $-1 $1688 0.0000000000 $1577 1.5707963268 $607 $1698 forward 7 unknown #
-1179 edge $-1 $1574 1.5707963268 $1565 3.1415926536 $609 $1699 forward 7 unknown #
-1180 edge $-1 $1448 1.5707963268 $1557 3.1415926536 $611 $1700 forward 7 unknown #
-1181 edge $-1 $1559 3.1415926536 $1569 4.7123889804 $613 $1701 forward 7 unknown #
-1182 edge $-1 $1571 4.7123889804 $1683 6.2831853072 $615 $1702 forward 7 unknown #
-1183 edge $-1 $1685 0.0000000000 $1451 1.5707963268 $617 $1703 forward 7 unknown #
-1184 edge $-1 $1705 0.0000000000 $1707 3.1415926536 $618 $1704 forward 7 unknown #
-1185 edge $-1 $1707 3.1415926536 $1705 6.2831853072 $619 $1709 forward 7 unknown #
-1186 edge $-1 $1711 0.0000000000 $1713 3.1415926536 $620 $1710 forward 7 unknown #
-1187 edge $-1 $1713 3.1415926536 $1711 6.2831853072 $621 $1715 forward 7 unknown #
-1188 edge $-1 $1717 0.0000000000 $1719 3.1415926536 $622 $1716 forward 7 unknown #
-1189 edge $-1 $1719 3.1415926536 $1717 6.2831853072 $623 $1721 forward 7 unknown #
-1190 edge $-1 $1723 0.0000000000 $1725 3.1415926536 $624 $1722 forward 7 unknown #
-1191 edge $-1 $1725 3.1415926536 $1723 6.2831853072 $625 $1727 forward 7 unknown #
-1192 edge $-1 $1729 0.0000000000 $1731 3.1415926536 $626 $1728 forward 7 unknown #
-1193 edge $-1 $1731 3.1415926536 $1729 6.2831853072 $627 $1733 forward 7 unknown #
-1194 edge $-1 $1735 0.0000000000 $1737 3.1415926536 $628 $1734 forward 7 unknown #
-1195 edge $-1 $1737 3.1415926536 $1735 6.2831853072 $629 $1739 forward 7 unknown #
-1196 edge $-1 $1741 0.0000000000 $1743 3.1415926536 $630 $1740 forward 7 unknown #
-1197 edge $-1 $1743 3.1415926536 $1741 6.2831853072 $631 $1745 forward 7 unknown #
-1198 edge $-1 $1747 0.0000000000 $1749 3.1415926536 $632 $1746 forward 7 unknown #
-1199 edge $-1 $1749 3.1415926536 $1747 6.2831853072 $633 $1751 forward 7 unknown #
-1200 edge $-1 $1753 0.0000000000 $1755 3.1415926536 $634 $1752 forward 7 unknown #
-1201 edge $-1 $1755 3.1415926536 $1753 6.2831853072 $635 $1757 forward 7 unknown #
-1202 edge $-1 $1759 0.0000000000 $1761 3.1415926536 $636 $1758 forward 7 unknown #
-1203 edge $-1 $1761 3.1415926536 $1759 6.2831853072 $637 $1763 forward 7 unknown #
-1204 edge $-1 $1765 0.0000000000 $1767 3.1415926536 $638 $1764 forward 7 unknown #
-1205 edge $-1 $1767 3.1415926536 $1765 6.2831853072 $639 $1769 forward 7 unknown #
-1206 edge $-1 $1771 0.0000000000 $1773 3.1415926536 $640 $1770 forward 7 unknown #
-1207 edge $-1 $1773 3.1415926536 $1771 6.2831853072 $641 $1775 forward 7 unknown #
-1208 edge $-1 $1777 0.0000000000 $1779 3.1415926536 $642 $1776 forward 7 unknown #
-1209 edge $-1 $1779 3.1415926536 $1777 6.2831853072 $643 $1781 forward 7 unknown #
-1210 edge $-1 $1783 0.0000000000 $1785 3.1415926536 $644 $1782 forward 7 unknown #
-1211 edge $-1 $1785 3.1415926536 $1783 6.2831853072 $645 $1787 forward 7 unknown #
-1212 edge $-1 $1789 0.0000000000 $1791 3.1415926536 $646 $1788 forward 7 unknown #
-1213 edge $-1 $1791 3.1415926536 $1789 6.2831853072 $647 $1793 forward 7 unknown #
-1214 edge $-1 $1795 0.0000000000 $1797 3.1415926536 $648 $1794 forward 7 unknown #
-1215 edge $-1 $1797 3.1415926536 $1795 6.2831853072 $649 $1799 forward 7 unknown #
-1216 edge $-1 $1801 0.0000000000 $1803 3.1415926536 $650 $1800 forward 7 unknown #
-1217 edge $-1 $1803 3.1415926536 $1801 6.2831853072 $651 $1805 forward 7 unknown #
-1218 edge $-1 $1385 -22.0053441707 $1371 22.0053441707 $652 $1806 forward 7 unknown #
-1219 edge $-1 $1808 0.0000000000 $1810 3.1415926536 $656 $1807 forward 7 unknown #
-1220 edge $-1 $1810 3.1415926536 $1808 6.2831853072 $657 $1812 forward 7 unknown #
-1221 edge $-1 $1814 0.0000000000 $1816 3.1415926536 $658 $1813 forward 7 unknown #
-1222 edge $-1 $1816 3.1415926536 $1814 6.2831853072 $659 $1818 forward 7 unknown #
-1223 edge $-1 $1820 0.0000000000 $1822 3.1415926536 $660 $1819 forward 7 unknown #
-1224 edge $-1 $1822 3.1415926536 $1820 6.2831853072 $661 $1824 forward 7 unknown #
-1225 edge $-1 $1826 0.0000000000 $1828 3.1415926536 $662 $1825 forward 7 unknown #
-1226 edge $-1 $1828 3.1415926536 $1826 6.2831853072 $663 $1830 forward 7 unknown #
-1227 edge $-1 $1832 0.0000000000 $1834 3.1415926536 $664 $1831 forward 7 unknown #
-1228 edge $-1 $1834 3.1415926536 $1832 6.2831853072 $665 $1836 forward 7 unknown #
-1229 edge $-1 $1838 0.0000000000 $1840 3.1415926536 $666 $1837 forward 7 unknown #
-1230 edge $-1 $1840 3.1415926536 $1838 6.2831853072 $667 $1842 forward 7 unknown #
-1231 edge $-1 $1844 0.0000000000 $1846 3.1415926536 $668 $1843 forward 7 unknown #
-1232 edge $-1 $1846 3.1415926536 $1844 6.2831853072 $669 $1848 forward 7 unknown #
-1233 edge $-1 $1850 0.0000000000 $1852 3.1415926536 $670 $1849 forward 7 unknown #
-1234 edge $-1 $1852 3.1415926536 $1850 6.2831853072 $671 $1854 forward 7 unknown #
-1235 edge $-1 $1856 0.0000000000 $1858 3.1415926536 $672 $1855 forward 7 unknown #
-1236 edge $-1 $1858 3.1415926536 $1856 6.2831853072 $673 $1860 forward 7 unknown #
-1237 edge $-1 $1862 0.0000000000 $1864 3.1415926536 $674 $1861 forward 7 unknown #
-1238 edge $-1 $1864 3.1415926536 $1862 6.2831853072 $675 $1866 forward 7 unknown #
-1239 edge $-1 $1868 0.0000000000 $1870 3.1415926536 $676 $1867 forward 7 unknown #
-1240 edge $-1 $1870 3.1415926536 $1868 6.2831853072 $677 $1872 forward 7 unknown #
-1241 edge $-1 $1874 0.0000000000 $1876 3.1415926536 $678 $1873 forward 7 unknown #
-1242 edge $-1 $1876 3.1415926536 $1874 6.2831853072 $679 $1878 forward 7 unknown #
-1243 edge $-1 $1880 0.0000000000 $1882 3.1415926536 $680 $1879 forward 7 unknown #
-1244 edge $-1 $1882 3.1415926536 $1880 6.2831853072 $681 $1884 forward 7 unknown #
-1245 edge $-1 $1886 0.0000000000 $1888 3.1415926536 $682 $1885 forward 7 unknown #
-1246 edge $-1 $1888 3.1415926536 $1886 6.2831853072 $683 $1890 forward 7 unknown #
-1247 edge $-1 $1892 0.0000000000 $1894 3.1415926536 $684 $1891 forward 7 unknown #
-1248 edge $-1 $1894 3.1415926536 $1892 6.2831853072 $685 $1896 forward 7 unknown #
-1249 edge $-1 $1898 0.0000000000 $1900 3.1415926536 $686 $1897 forward 7 unknown #
-1250 edge $-1 $1900 3.1415926536 $1898 6.2831853072 $687 $1902 forward 7 unknown #
-1251 edge $-1 $1904 0.0000000000 $1906 3.1415926536 $688 $1903 forward 7 unknown #
-1252 edge $-1 $1906 3.1415926536 $1904 6.2831853072 $689 $1908 forward 7 unknown #
-1253 edge $-1 $1373 -22.0053441707 $1383 22.0053441707 $690 $1909 forward 7 unknown #
-1254 edge $-1 $1397 24.4123214000 $1424 25.4000000000 $699 $1910 forward 7 unknown #
-1255 edge $-1 $1395 24.4123214000 $1419 25.4000000000 $701 $1911 forward 7 unknown #
-1256 edge $-1 $1400 24.4123214000 $1421 25.4000000000 $704 $1912 forward 7 unknown #
-1257 edge $-1 $1403 24.4123214000 $1439 25.4000000000 $709 $1913 forward 7 unknown #
-1258 edge $-1 $1406 24.4123214000 $1436 25.4000000000 $712 $1914 forward 7 unknown #
-1259 edge $-1 $1409 24.4123214000 $1433 25.4000000000 $716 $1915 forward 7 unknown #
-1260 edge $-1 $1412 24.4123214000 $1430 25.4000000000 $720 $1916 forward 7 unknown #
-1261 edge $-1 $1415 24.4123214000 $1427 25.4000000000 $724 $1917 forward 7 unknown #
-1262 edge $-1 $1906 0.0000000000 $1677 0.9876786000 $746 $1918 forward 7 unknown #
-1263 edge $-1 $1904 0.0000000000 $1679 0.9876786000 $748 $1919 forward 7 unknown #
-1264 edge $-1 $1900 0.0000000000 $1671 0.9876786000 $750 $1920 forward 7 unknown #
-1265 edge $-1 $1898 0.0000000000 $1673 0.9876786000 $752 $1921 forward 7 unknown #
-1266 edge $-1 $1894 0.0000000000 $1665 0.9876786000 $754 $1922 forward 7 unknown #
-1267 edge $-1 $1892 0.0000000000 $1667 0.9876786000 $756 $1923 forward 7 unknown #
-1268 edge $-1 $1888 0.0000000000 $1659 0.9876786000 $758 $1924 forward 7 unknown #
-1269 edge $-1 $1886 0.0000000000 $1661 0.9876786000 $760 $1925 forward 7 unknown #
-1270 edge $-1 $1882 0.0000000000 $1653 0.9876786000 $762 $1926 forward 7 unknown #
-1271 edge $-1 $1880 0.0000000000 $1655 0.9876786000 $764 $1927 forward 7 unknown #
-1272 edge $-1 $1876 0.0000000000 $1647 0.9876786000 $766 $1928 forward 7 unknown #
-1273 edge $-1 $1874 0.0000000000 $1649 0.9876786000 $768 $1929 forward 7 unknown #
-1274 edge $-1 $1870 0.0000000000 $1641 0.9876786000 $770 $1930 forward 7 unknown #
-1275 edge $-1 $1868 0.0000000000 $1643 0.9876786000 $772 $1931 forward 7 unknown #
-1276 edge $-1 $1864 0.0000000000 $1635 0.9876786000 $774 $1932 forward 7 unknown #
-1277 edge $-1 $1862 0.0000000000 $1637 0.9876786000 $776 $1933 forward 7 unknown #
-1278 edge $-1 $1858 0.0000000000 $1629 0.9876786000 $778 $1934 forward 7 unknown #
-1279 edge $-1 $1856 0.0000000000 $1631 0.9876786000 $780 $1935 forward 7 unknown #
-1280 edge $-1 $1852 0.0000000000 $1623 0.9876786000 $782 $1936 forward 7 unknown #
-1281 edge $-1 $1850 0.0000000000 $1625 0.9876786000 $784 $1937 forward 7 unknown #
-1282 edge $-1 $1846 0.0000000000 $1617 0.9876786000 $786 $1938 forward 7 unknown #
-1283 edge $-1 $1844 0.0000000000 $1619 0.9876786000 $788 $1939 forward 7 unknown #
-1284 edge $-1 $1840 0.0000000000 $1611 0.9876786000 $790 $1940 forward 7 unknown #
-1285 edge $-1 $1838 0.0000000000 $1613 0.9876786000 $792 $1941 forward 7 unknown #
-1286 edge $-1 $1834 0.0000000000 $1605 0.9876786000 $794 $1942 forward 7 unknown #
-1287 edge $-1 $1832 0.0000000000 $1607 0.9876786000 $796 $1943 forward 7 unknown #
-1288 edge $-1 $1828 0.0000000000 $1599 0.9876786000 $798 $1944 forward 7 unknown #
-1289 edge $-1 $1826 0.0000000000 $1601 0.9876786000 $800 $1945 forward 7 unknown #
-1290 edge $-1 $1822 0.0000000000 $1593 0.9876786000 $802 $1946 forward 7 unknown #
-1291 edge $-1 $1820 0.0000000000 $1595 0.9876786000 $804 $1947 forward 7 unknown #
-1292 edge $-1 $1816 0.0000000000 $1587 0.9876786000 $806 $1948 forward 7 unknown #
-1293 edge $-1 $1814 0.0000000000 $1589 0.9876786000 $808 $1949 forward 7 unknown #
-1294 edge $-1 $1810 0.0000000000 $1581 0.9876786000 $810 $1950 forward 7 unknown #
-1295 edge $-1 $1808 0.0000000000 $1583 0.9876786000 $812 $1951 forward 7 unknown #
-1296 edge $-1 $1553 0.0000000000 $1801 0.9876786000 $814 $1952 forward 7 unknown #
-1297 edge $-1 $1551 0.0000000000 $1803 0.9876786000 $816 $1953 forward 7 unknown #
-1298 edge $-1 $1547 0.0000000000 $1795 0.9876786000 $818 $1954 forward 7 unknown #
-1299 edge $-1 $1545 0.0000000000 $1797 0.9876786000 $820 $1955 forward 7 unknown #
-1300 edge $-1 $1541 0.0000000000 $1789 0.9876786000 $822 $1956 forward 7 unknown #
-1301 edge $-1 $1539 0.0000000000 $1791 0.9876786000 $824 $1957 forward 7 unknown #
-1302 edge $-1 $1535 0.0000000000 $1783 0.9876786000 $826 $1958 forward 7 unknown #
-1303 edge $-1 $1533 0.0000000000 $1785 0.9876786000 $828 $1959 forward 7 unknown #
-1304 edge $-1 $1529 0.0000000000 $1777 0.9876786000 $830 $1960 forward 7 unknown #
-1305 edge $-1 $1527 0.0000000000 $1779 0.9876786000 $832 $1961 forward 7 unknown #
-1306 edge $-1 $1523 0.0000000000 $1771 0.9876786000 $834 $1962 forward 7 unknown #
-1307 edge $-1 $1521 0.0000000000 $1773 0.9876786000 $836 $1963 forward 7 unknown #
-1308 edge $-1 $1517 0.0000000000 $1765 0.9876786000 $838 $1964 forward 7 unknown #
-1309 edge $-1 $1515 0.0000000000 $1767 0.9876786000 $840 $1965 forward 7 unknown #
-1310 edge $-1 $1511 0.0000000000 $1759 0.9876786000 $842 $1966 forward 7 unknown #
-1311 edge $-1 $1509 0.0000000000 $1761 0.9876786000 $844 $1967 forward 7 unknown #
-1312 edge $-1 $1505 0.0000000000 $1753 0.9876786000 $846 $1968 forward 7 unknown #
-1313 edge $-1 $1503 0.0000000000 $1755 0.9876786000 $848 $1969 forward 7 unknown #
-1314 edge $-1 $1499 0.0000000000 $1747 0.9876786000 $850 $1970 forward 7 unknown #
-1315 edge $-1 $1497 0.0000000000 $1749 0.9876786000 $852 $1971 forward 7 unknown #
-1316 edge $-1 $1493 0.0000000000 $1741 0.9876786000 $854 $1972 forward 7 unknown #
-1317 edge $-1 $1491 0.0000000000 $1743 0.9876786000 $856 $1973 forward 7 unknown #
-1318 edge $-1 $1487 0.0000000000 $1735 0.9876786000 $858 $1974 forward 7 unknown #
-1319 edge $-1 $1485 0.0000000000 $1737 0.9876786000 $860 $1975 forward 7 unknown #
-1320 edge $-1 $1481 0.0000000000 $1729 0.9876786000 $862 $1976 forward 7 unknown #
-1321 edge $-1 $1479 0.0000000000 $1731 0.9876786000 $864 $1977 forward 7 unknown #
-1322 edge $-1 $1475 0.0000000000 $1723 0.9876786000 $866 $1978 forward 7 unknown #
-1323 edge $-1 $1473 0.0000000000 $1725 0.9876786000 $868 $1979 forward 7 unknown #
-1324 edge $-1 $1469 0.0000000000 $1717 0.9876786000 $870 $1980 forward 7 unknown #
-1325 edge $-1 $1467 0.0000000000 $1719 0.9876786000 $872 $1981 forward 7 unknown #
-1326 edge $-1 $1463 0.0000000000 $1711 0.9876786000 $874 $1982 forward 7 unknown #
-1327 edge $-1 $1461 0.0000000000 $1713 0.9876786000 $876 $1983 forward 7 unknown #
-1328 edge $-1 $1457 0.0000000000 $1705 0.9876786000 $878 $1984 forward 7 unknown #
-1329 edge $-1 $1455 0.0000000000 $1707 0.9876786000 $880 $1985 forward 7 unknown #
-1330 edge $-1 $1987 -5.0941605000 $1989 5.0941605000 $882 $1986 forward 7 unknown #
-1331 edge $-1 $1989 -3.5475000823 $1992 3.5475000823 $883 $1991 forward 7 unknown #
-1332 edge $-1 $1995 -5.0941605000 $1992 5.0941605000 $884 $1994 forward 7 unknown #
-1333 edge $-1 $1987 -3.5475000823 $1995 3.5475000823 $885 $1997 forward 7 unknown #
-1334 edge $-1 $1999 -3.5475000823 $2001 3.5475000823 $886 $1998 forward 7 unknown #
-1335 edge $-1 $2001 -5.0941605000 $2004 5.0941605000 $887 $2003 forward 7 unknown #
-1336 edge $-1 $2007 -3.5475000823 $2004 3.5475000823 $888 $2006 forward 7 unknown #
-1337 edge $-1 $1999 -5.0941605000 $2007 5.0941605000 $889 $2009 forward 7 unknown #
-1338 edge $-1 $1347 0.3939377511 $1995 1.4118283305 $890 $2010 forward 7 unknown #
-1339 edge $-1 $1987 4.8841764501 $1355 5.9020670294 $892 $2011 forward 7 unknown #
-1340 edge $-1 $1989 2.0481508203 $1352 3.0660413997 $896 $2012 forward 7 unknown #
-1341 edge $-1 $1349 -3.0660413997 $1992 -2.0481508203 $900 $2013 forward 7 unknown #
-1342 edge $-1 $1359 -6.9547618045 $2007 -5.9368712252 $906 $2014 forward 7 unknown #
-1343 edge $-1 $1999 2.0481508203 $1367 3.0660413997 $908 $2015 forward 7 unknown #
-1344 edge $-1 $2001 2.9411156288 $1364 3.9590062082 $912 $2016 forward 7 unknown #
-1345 edge $-1 $1361 -3.9590062082 $2004 -2.9411156288 $916 $2017 forward 7 unknown #
-1346 straight-curve $-1 13.460342806045000 -7.882316484633001 12.116050800102000 0.000000000000000 0.000000000000000 -1.000000000000000 I I #
-1347 vertex $-1 $1058 $1348 #
-1348 point $-1 13.460342806045000 -7.882316484633001 11.433730600102001 #
-1349 vertex $-1 $1058 $1350 #
-1350 point $-1 13.460342806045000 -7.882316484633001 0.070050000102001 #
-1351 straight-curve $-1 21.143022770687999 -7.882316484633001 0.070050000102001 1.000000000000000 0.000000000000000 0.000000000000000 I I #
-1352 vertex $-1 $1059 $1353 #
-1353 point $-1 21.730702570688003 -7.882316484633001 0.070050000102002 #
-1354 straight-curve $-1 21.730702570688003 -7.882316484633001 10.846050800101999 -0.000000000000001 -0.000000000000000 1.000000000000000 I I #
-1355 vertex $-1 $1060 $1356 #
-1356 point $-1 21.730702570688003 -7.882316484633001 11.433730600102001 #
-1357 straight-curve $-1 11.508022606044999 -7.882316484633001 11.433730600102001 -1.000000000000000 -0.000000000000000 -0.000000000000000 I I #
-1358 straight-curve $-1 11.508022606044999 -7.882316484633001 0.070050000101999 1.000000000000000 0.000000000000000 0.000000000000000 I I #
-1359 vertex $-1 $1062 $1360 #
-1360 point $-1 1.285342641402000 -7.882316484633001 0.070050000101999 #
-1361 vertex $-1 $1062 $1362 #
-1362 point $-1 9.555702406045000 -7.882316484633001 0.070050000101999 #
-1363 straight-curve $-1 9.555702406045000 -7.882316484633001 10.846050800101999 0.000000000000000 0.000000000000000 1.000000000000000 I I #
-1364 vertex $-1 $1063 $1365 #
-1365 point $-1 9.555702406045000 -7.882316484633001 11.433730600102001 #
-1366 straight-curve $-1 1.873022441402000 -7.882316484633001 11.433730600102001 -1.000000000000000 -0.000000000000000 0.000000000000000 I I #
-1367 vertex $-1 $1064 $1368 #
-1368 point $-1 1.285342641402000 -7.882316484633001 11.433730600102001 #
-1369 straight-curve $-1 1.285342641402000 -7.882316484633001 12.116050800102000 0.000000000000000 0.000000000000000 -1.000000000000000 I I #
-1370 straight-curve $-1 11.508022606044999 -7.882316484633001 -0.612270599898000 -1.000000000000000 -0.000000000000000 0.000000000000000 I I #
-1371 vertex $-1 $1066 $1372 #
-1372 point $-1 22.695344170688003 -7.882316484633001 -0.612270599898000 #
-1373 vertex $-1 $1066 $1374 #
-1374 point $-1 0.320701041402002 -7.882316484633001 -0.612270599898000 #
-1375 straight-curve $-1 0.320701041402002 -7.882316484633001 12.116050800102000 0.000000000000000 0.000000000000000 -1.000000000000000 I I #
-1376 vertex $-1 $1067 $1377 #
-1377 point $-1 0.320701041402002 -7.882316484633001 12.116050800102000 #
-1378 straight-curve $-1 11.508022606044999 -7.882316484633001 12.116050800102000 -1.000000000000000 -0.000000000000000 0.000000000000000 I I #
-1379 vertex $-1 $1068 $1380 #
-1380 point $-1 22.695344170688003 -7.882316484633001 12.116050800102000 #
-1381 straight-curve $-1 22.695344170688003 -7.882316484633001 12.116050800102000 0.000000000000000 0.000000000000000 -1.000000000000000 I I #
-1382 straight-curve $-1 11.508022606044999 36.128371856744003 -0.612270599898000 1.000000000000000 0.000000000000000 0.000000000000000 I I #
-1383 vertex $-1 $1070 $1384 #
-1384 point $-1 0.320701041402005 36.128371856744003 -0.612270599898000 #
-1385 vertex $-1 $1070 $1386 #
-1386 point $-1 22.695344170688003 36.128371856744003 -0.612270599898000 #
-1387 straight-curve $-1 22.695344170688003 36.128371856744003 12.116050800102000 0.000000000000000 0.000000000000000 -1.000000000000000 I I #
-1388 vertex $-1 $1071 $1389 #
-1389 point $-1 22.695344170688003 36.128371856744003 12.116050800102000 #
-1390 straight-curve $-1 11.508022606044999 36.128371856744003 12.116050800102000 1.000000000000000 0.000000000000000 0.000000000000000 I I #
-1391 vertex $-1 $1072 $1392 #
-1392 point $-1 0.320701041402005 36.128371856744003 12.116050800102000 #
-1393 straight-curve $-1 0.320701041402005 36.128371856744003 12.116050800102000 0.000000000000000 0.000000000000000 -1.000000000000000 I I #
-1394 straight-curve $-1 7.008022606044999 36.128371856744003 12.116050800102000 0.000000000000000 0.000000000000000 -1.000000000000000 I I #
-1395 vertex $-1 $1074 $1396 #
-1396 point $-1 7.008022606044999 36.128371856744003 7.190050800102000 #
-1397 vertex $-1 $1074 $1398 #
-1398 point $-1 7.008022606044999 36.128371856744003 5.340050800102000 #
-1399 ellipse-curve $-1 7.708022606045000 36.128371856744003 7.190050800102000 0.000000000000000 1.000000000000000 0.000000000000000 0.000000000000000 0.000000000000000 0.700000000000000 1.000000000000000 I I #
-1400 vertex $-1 $1075 $1401 #
-1401 point $-1 7.708022606045000 36.128371856744003 7.890050800101999 #
-1402 straight-curve $-1 11.508022606044999 36.128371856744003 7.890050800101999 -1.000000000000000 0.000000000000000 0.000000000000000 I I #
-1403 vertex $-1 $1076 $1404 #
-1404 point $-1 15.308022606045000 36.128371856744003 7.890050800101999 #
-1405 ellipse-curve $-1 15.308022606045000 36.128371856744003 7.190050800102000 0.000000000000000 1.000000000000000 0.000000000000000 0.000000000000000 0.000000000000000 0.700000000000000 1.000000000000000 I I #
-1406 vertex $-1 $1077 $1407 #
-1407 point $-1 16.008022606044999 36.128371856744003 7.190050800102000 #
-1408 straight-curve $-1 16.008022606044999 36.128371856744003 12.116050800102000 0.000000000000000 0.000000000000000 -1.000000000000000 I I #
-1409 vertex $-1 $1078 $1410 #
-1410 point $-1 16.008022606044999 36.128371856744003 5.340050800102000 #
-1411 ellipse-curve $-1 15.308022606045000 36.128371856744003 5.340050800102000 0.000000000000000 1.000000000000000 0.000000000000000 0.000000000000000 0.000000000000000 0.700000000000000 1.000000000000000 I I #
-1412 vertex $-1 $1079 $1413 #
-1413 point $-1 15.308022606045000 36.128371856744003 4.640050800102000 #
-1414 straight-curve $-1 11.508022606044999 36.128371856744003 4.640050800102000 -1.000000000000000 0.000000000000000 0.000000000000000 I I #
-1415 vertex $-1 $1080 $1416 #
-1416 point $-1 7.708022606045000 36.128371856744003 4.640050800102000 #
-1417 ellipse-curve $-1 7.708022606045000 36.128371856744003 5.340050800102000 0.000000000000000 1.000000000000000 0.000000000000000 0.000000000000000 0.000000000000000 0.700000000000000 1.000000000000000 I I #
-1418 ellipse-curve $-1 7.708022606045000 37.116050456743999 7.190050800102000 0.000000000000000 1.000000000000000 0.000000000000000 0.000000000000000 0.000000000000000 0.700000000000000 1.000000000000000 I I #
-1419 vertex $-1 $1082 $1420 #
-1420 point $-1 7.008022606044999 37.116050456743999 7.190050800102000 #
-1421 vertex $-1 $1082 $1422 #
-1422 point $-1 7.708022606045000 37.116050456743999 7.890050800101999 #
-1423 straight-curve $-1 7.008022606044999 37.116050456743999 6.265050800101999 0.000000000000000 0.000000000000000 -1.000000000000000 I I #
-1424 vertex $-1 $1083 $1425 #
-1425 point $-1 7.008022606044999 37.116050456743999 5.340050800102000 #
-1426 ellipse-curve $-1 7.708022606045000 37.116050456743999 5.340050800102000 0.000000000000000 1.000000000000000 0.000000000000000 0.000000000000000 0.000000000000000 0.700000000000000 1.000000000000000 I I #
-1427 vertex $-1 $1084 $1428 #
-1428 point $-1 7.708022606045000 37.116050456743999 4.640050800102000 #
-1429 straight-curve $-1 11.508022606044999 37.116050456743999 4.640050800102000 -1.000000000000000 0.000000000000000 0.000000000000000 I I #
-1430 vertex $-1 $1085 $1431 #
-1431 point $-1 15.308022606045000 37.116050456743999 4.640050800102000 #
-1432 ellipse-curve $-1 15.308022606045000 37.116050456743999 5.340050800102000 0.000000000000000 1.000000000000000 0.000000000000000 0.000000000000000 0.000000000000000 0.700000000000000 1.000000000000000 I I #
-1433 vertex $-1 $1086 $1434 #
-1434 point $-1 16.008022606044999 37.116050456743999 5.340050800102000 #
-1435 straight-curve $-1 16.008022606044999 37.116050456743999 6.265050800101999 0.000000000000000 0.000000000000000 -1.000000000000000 I I #
-1436 vertex $-1 $1087 $1437 #
-1437 point $-1 16.008022606044999 37.116050456743999 7.190050800102000 #
-1438 ellipse-curve $-1 15.308022606045000 37.116050456743999 7.190050800102000 0.000000000000000 1.000000000000000 0.000000000000000 0.000000000000000 0.000000000000000 0.700000000000000 1.000000000000000 I I #
-1439 vertex $-1 $1088 $1440 #
-1440 point $-1 15.308022606045000 37.116050456743999 7.890050800101999 #
-1441 straight-curve $-1 11.508022606044999 37.116050456743999 7.890050800101999 -1.000000000000000 0.000000000000000 0.000000000000000 I I #
-1442 straight-curve $-1 11.508022606044999 37.116050456743999 12.116050800102000 1.000000000000000 0.000000000000000 0.000000000000000 I I #
-1443 vertex $-1 $1090 $1444 #
-1444 point $-1 0.603022441402005 37.116050456743999 12.116050800102000 #
-1445 vertex $-1 $1090 $1446 #
-1446 point $-1 22.413022770688002 37.116050456743999 12.116050800102000 #
-1447 straight-curve $-1 22.413022770688002 37.116050456743999 12.116050800102000 0.000000000000000 0.000000000000000 -1.000000000000000 I I #
-1448 vertex $-1 $1091 $1449 #
-1449 point $-1 22.413022770688002 37.116050456743999 -1.599949199898000 #
-1450 straight-curve $-1 11.508022606044999 37.116050456743999 -1.599949199898000 1.000000000000000 0.000000000000000 0.000000000000000 I I #
-1451 vertex $-1 $1092 $1452 #
-1452 point $-1 0.603022441402005 37.116050456743999 -1.599949199898000 #
-1453 straight-curve $-1 0.603022441402005 37.116050456743999 12.116050800102000 -0.000000000000000 -0.000000000000000 1.000000000000000 I I #
-1454 ellipse-curve $-1 23.683022770688002 2.285512349338060 5.500050584668000 1.000000000000000 0.000000000000000 0.000000000000000 -0.000000000000000 0.635000000000000 0.000000000000000 1.000000000000000 I I #
-1455 vertex $-1 $1094 $1456 #
-1456 point $-1 23.683022770688002 1.650512349338062 5.500050584668000 #
-1457 vertex $-1 $1094 $1458 #
-1458 point $-1 23.683022770688002 2.920512349338060 5.500050584668000 #
-1459 ellipse-curve $-1 23.683022770688002 2.285512349338060 5.500050584668000 1.000000000000000 0.000000000000000 0.000000000000000 -0.000000000000000 0.635000000000000 0.000000000000000 1.000000000000000 I I #
-1460 ellipse-curve $-1 23.683022770688002 4.190512349338065 5.500050584668000 1.000000000000000 0.000000000000000 0.000000000000000 -0.000000000000000 0.635000000000000 0.000000000000000 1.000000000000000 I I #
-1461 vertex $-1 $1096 $1462 #
-1462 point $-1 23.683022770688002 3.555512349338067 5.500050584668000 #
-1463 vertex $-1 $1096 $1464 #
-1464 point $-1 23.683022770688002 4.825512349338065 5.500050584668000 #
-1465 ellipse-curve $-1 23.683022770688002 4.190512349338065 5.500050584668000 1.000000000000000 0.000000000000000 0.000000000000000 -0.000000000000000 0.635000000000000 0.000000000000000 1.000000000000000 I I #
-1466 ellipse-curve $-1 23.683022770688002 5.143012349338070 7.149828978877360 1.000000000000000 0.000000000000000 0.000000000000000 -0.000000000000000 0.635000000000000 0.000000000000000 1.000000000000000 I I #
-1467 vertex $-1 $1098 $1468 #
-1468 point $-1 23.683022770688002 4.508012349338072 7.149828978877360 #
-1469 vertex $-1 $1098 $1470 #
-1470 point $-1 23.683022770688002 5.778012349338070 7.149828978877360 #
-1471 ellipse-curve $-1 23.683022770688002 5.143012349338070 7.149828978877360 1.000000000000000 0.000000000000000 0.000000000000000 -0.000000000000000 0.635000000000000 0.000000000000000 1.000000000000000 I I #
-1472 ellipse-curve $-1 23.683022770688002 5.143012349338070 3.850272190458645 1.000000000000000 0.000000000000000 0.000000000000000 -0.000000000000000 0.635000000000000 0.000000000000000 1.000000000000000 I I #
-1473 vertex $-1 $1100 $1474 #
-1474 point $-1 23.683022770688002 4.508012349338062 3.850272190458645 #
-1475 vertex $-1 $1100 $1476 #
-1476 point $-1 23.683022770688002 5.778012349338070 3.850272190458645 #
-1477 ellipse-curve $-1 23.683022770688002 5.143012349338070 3.850272190458645 1.000000000000000 0.000000000000000 0.000000000000000 -0.000000000000000 0.635000000000000 0.000000000000000 1.000000000000000 I I #
-1478 ellipse-curve $-1 23.683022770688002 1.333012349338060 7.149828978877360 1.000000000000000 0.000000000000000 0.000000000000000 -0.000000000000000 0.635000000000000 0.000000000000000 1.000000000000000 I I #
-1479 vertex $-1 $1102 $1480 #
-1480 point $-1 23.683022770688002 0.698012349338060 7.149828978877360 #
-1481 vertex $-1 $1102 $1482 #
-1482 point $-1 23.683022770688002 1.968012349338060 7.149828978877360 #
-1483 ellipse-curve $-1 23.683022770688002 1.333012349338060 7.149828978877360 1.000000000000000 0.000000000000000 0.000000000000000 -0.000000000000000 0.635000000000000 0.000000000000000 1.000000000000000 I I #
-1484 ellipse-curve $-1 23.683022770688002 2.285512349338065 8.799607373086721 1.000000000000000 0.000000000000000 0.000000000000000 -0.000000000000000 0.635000000000000 0.000000000000000 1.000000000000000 I I #
-1485 vertex $-1 $1104 $1486 #
-1486 point $-1 23.683022770688002 1.650512349338067 8.799607373086721 #
-1487 vertex $-1 $1104 $1488 #
-1488 point $-1 23.683022770688002 2.920512349338065 8.799607373086721 #
-1489 ellipse-curve $-1 23.683022770688002 2.285512349338065 8.799607373086721 1.000000000000000 0.000000000000000 0.000000000000000 -0.000000000000000 0.635000000000000 0.000000000000000 1.000000000000000 I I #
-1490 ellipse-curve $-1 23.683022770688002 4.190512349338070 8.799607373086721 1.000000000000000 0.000000000000000 0.000000000000000 -0.000000000000000 0.635000000000000 0.000000000000000 1.000000000000000 I I #
-1491 vertex $-1 $1106 $1492 #
-1492 point $-1 23.683022770688002 3.555512349338067 8.799607373086721 #
-1493 vertex $-1 $1106 $1494 #
-1494 point $-1 23.683022770688002 4.825512349338070 8.799607373086721 #
-1495 ellipse-curve $-1 23.683022770688002 4.190512349338070 8.799607373086721 1.000000000000000 0.000000000000000 0.000000000000000 -0.000000000000000 0.635000000000000 0.000000000000000 1.000000000000000 I I #
-1496 ellipse-curve $-1 23.683022770688002 8.000512349338070 8.799607373086710 1.000000000000000 0.000000000000000 0.000000000000000 -0.000000000000000 0.635000000000000 0.000000000000000 1.000000000000000 I I #
-1497 vertex $-1 $1108 $1498 #
-1498 point $-1 23.683022770688002 7.365512349338072 8.799607373086710 #
-1499 vertex $-1 $1108 $1500 #
-1500 point $-1 23.683022770688002 8.635512349338070 8.799607373086710 #
-1501 ellipse-curve $-1 23.683022770688002 8.000512349338070 8.799607373086710 1.000000000000000 0.000000000000000 0.000000000000000 -0.000000000000000 0.635000000000000 0.000000000000000 1.000000000000000 I I #
-1502 ellipse-curve $-1 23.683022770688002 8.953012349338071 7.149828978877360 1.000000000000000 0.000000000000000 0.000000000000000 -0.000000000000000 0.635000000000000 0.000000000000000 1.000000000000000 I I #
-1503 vertex $-1 $1110 $1504 #
-1504 point $-1 23.683022770688002 8.318012349338073 7.149828978877360 #
-1505 vertex $-1 $1110 $1506 #
-1506 point $-1 23.683022770688002 9.588012349338070 7.149828978877360 #
-1507 ellipse-curve $-1 23.683022770688002 8.953012349338071 7.149828978877360 1.000000000000000 0.000000000000000 0.000000000000000 -0.000000000000000 0.635000000000000 0.000000000000000 1.000000000000000 I I #
-1508 ellipse-curve $-1 23.683022770688002 10.858012349338061 7.149828978877360 1.000000000000000 0.000000000000000 0.000000000000000 -0.000000000000000 0.635000000000000 0.000000000000000 1.000000000000000 I I #
-1509 vertex $-1 $1112 $1510 #
-1510 point $-1 23.683022770688002 10.223012349338063 7.149828978877360 #
-1511 vertex $-1 $1112 $1512 #
-1512 point $-1 23.683022770688002 11.493012349338061 7.149828978877360 #
-1513 ellipse-curve $-1 23.683022770688002 10.858012349338061 7.149828978877360 1.000000000000000 0.000000000000000 0.000000000000000 -0.000000000000000 0.635000000000000 0.000000000000000 1.000000000000000 I I #
-1514 ellipse-curve $-1 23.683022770688002 9.905512349338071 5.500050584668000 1.000000000000000 0.000000000000000 0.000000000000000 -0.000000000000000 0.635000000000000 0.000000000000000 1.000000000000000 I I #
-1515 vertex $-1 $1114 $1516 #
-1516 point $-1 23.683022770688002 9.270512349338073 5.500050584668000 #
-1517 vertex $-1 $1114 $1518 #
-1518 point $-1 23.683022770688002 10.540512349338071 5.500050584668000 #
-1519 ellipse-curve $-1 23.683022770688002 9.905512349338071 5.500050584668000 1.000000000000000 0.000000000000000 0.000000000000000 -0.000000000000000 0.635000000000000 0.000000000000000 1.000000000000000 I I #
-1520 ellipse-curve $-1 23.683022770688002 8.000512349338070 5.500050584668000 1.000000000000000 0.000000000000000 0.000000000000000 -0.000000000000000 0.635000000000000 0.000000000000000 1.000000000000000 I I #
-1521 vertex $-1 $1116 $1522 #
-1522 point $-1 23.683022770688002 7.365512349338072 5.500050584668000 #
-1523 vertex $-1 $1116 $1524 #
-1524 point $-1 23.683022770688002 8.635512349338070 5.500050584668000 #
-1525 ellipse-curve $-1 23.683022770688002 8.000512349338070 5.500050584668000 1.000000000000000 0.000000000000000 0.000000000000000 -0.000000000000000 0.635000000000000 0.000000000000000 1.000000000000000 I I #
-1526 ellipse-curve $-1 23.683022770688002 6.095512349338070 5.500050584668000 1.000000000000000 0.000000000000000 0.000000000000000 -0.000000000000000 0.635000000000000 0.000000000000000 1.000000000000000 I I #
-1527 vertex $-1 $1118 $1528 #
-1528 point $-1 23.683022770688002 5.460512349338072 5.500050584668000 #
-1529 vertex $-1 $1118 $1530 #
-1530 point $-1 23.683022770688002 6.730512349338070 5.500050584668000 #
-1531 ellipse-curve $-1 23.683022770688002 6.095512349338070 5.500050584668000 1.000000000000000 0.000000000000000 0.000000000000000 -0.000000000000000 0.635000000000000 0.000000000000000 1.000000000000000 I I #
-1532 ellipse-curve $-1 23.683022770688002 3.238012349338065 7.149828978877360 1.000000000000000 0.000000000000000 0.000000000000000 -0.000000000000000 0.635000000000000 0.000000000000000 1.000000000000000 I I #
-1533 vertex $-1 $1120 $1534 #
-1534 point $-1 23.683022770688002 2.603012349338067 7.149828978877360 #
-1535 vertex $-1 $1120 $1536 #
-1536 point $-1 23.683022770688002 3.873012349338065 7.149828978877360 #
-1537 ellipse-curve $-1 23.683022770688002 3.238012349338065 7.149828978877360 1.000000000000000 0.000000000000000 0.000000000000000 -0.000000000000000 0.635000000000000 0.000000000000000 1.000000000000000 I I #
-1538 ellipse-curve $-1 23.683022770688002 7.048012349338070 7.149828978877360 1.000000000000000 0.000000000000000 0.000000000000000 -0.000000000000000 0.635000000000000 0.000000000000000 1.000000000000000 I I #
-1539 vertex $-1 $1122 $1540 #
-1540 point $-1 23.683022770688002 6.413012349338072 7.149828978877360 #
-1541 vertex $-1 $1122 $1542 #
-1542 point $-1 23.683022770688002 7.683012349338069 7.149828978877360 #
-1543 ellipse-curve $-1 23.683022770688002 7.048012349338070 7.149828978877360 1.000000000000000 0.000000000000000 0.000000000000000 -0.000000000000000 0.635000000000000 0.000000000000000 1.000000000000000 I I #
-1544 ellipse-curve $-1 23.683022770688002 7.048012349338070 3.850272190458645 1.000000000000000 0.000000000000000 0.000000000000000 -0.000000000000000 0.635000000000000 0.000000000000000 1.000000000000000 I I #
-1545 vertex $-1 $1124 $1546 #
-1546 point $-1 23.683022770688002 6.413012349338072 3.850272190458645 #
-1547 vertex $-1 $1124 $1548 #
-1548 point $-1 23.683022770688002 7.683012349338069 3.850272190458645 #
-1549 ellipse-curve $-1 23.683022770688002 7.048012349338070 3.850272190458645 1.000000000000000 0.000000000000000 0.000000000000000 -0.000000000000000 0.635000000000000 0.000000000000000 1.000000000000000 I I #
-1550 ellipse-curve $-1 23.683022770688002 9.905512349338071 8.799607373086710 1.000000000000000 0.000000000000000 0.000000000000000 -0.000000000000000 0.635000000000000 0.000000000000000 1.000000000000000 I I #
-1551 vertex $-1 $1126 $1552 #
-1552 point $-1 23.683022770688002 9.270512349338073 8.799607373086710 #
-1553 vertex $-1 $1126 $1554 #
-1554 point $-1 23.683022770688002 10.540512349338071 8.799607373086710 #
-1555 ellipse-curve $-1 23.683022770688002 9.905512349338071 8.799607373086710 1.000000000000000 0.000000000000000 0.000000000000000 -0.000000000000000 0.635000000000000 0.000000000000000 1.000000000000000 I I #
-1556 straight-curve $-1 23.683022770688002 14.123027686055501 -1.599949199898000 0.000000000000000 -1.000000000000000 0.000000000000000 I I #
-1557 vertex $-1 $1128 $1558 #
-1558 point $-1 23.683022770688002 35.846050456744003 -1.599949199898000 #
-1559 vertex $-1 $1128 $1560 #
-1560 point $-1 23.683022770688002 -7.599995084633000 -1.599949199898000 #
-1561 straight-curve $-1 23.683022770688002 35.846050456744003 12.116050800102000 -0.000000000000000 -0.000000000000000 1.000000000000000 I I #
-1562 vertex $-1 $1129 $1563 #
-1563 point $-1 23.683022770688002 35.846050456744003 12.116050800102000 #
-1564 straight-curve $-1 23.683022770688002 14.123027686055501 12.116050800102000 0.000000000000000 -1.000000000000000 0.000000000000000 I I #
-1565 vertex $-1 $1130 $1566 #
-1566 point $-1 23.683022770688002 -7.599995084633000 12.116050800102000 #
-1567 straight-curve $-1 23.683022770688002 -7.599995084633000 12.116050800102000 0.000000000000000 0.000000000000000 -1.000000000000000 I I #
-1568 straight-curve $-1 11.508022606044999 -8.869995084633000 -1.599949199898000 -1.000000000000000 -0.000000000000000 0.000000000000000 I I #
-1569 vertex $-1 $1132 $1570 #
-1570 point $-1 22.413022770688002 -8.869995084633000 -1.599949199898000 #
-1571 vertex $-1 $1132 $1572 #
-1572 point $-1 0.603022441402002 -8.869995084633000 -1.599949199898000 #
-1573 straight-curve $-1 22.413022770688002 -8.869995084633000 12.116050800102000 -0.000000000000000 -0.000000000000000 1.000000000000000 I I #
-1574 vertex $-1 $1133 $1575 #
-1575 point $-1 22.413022770688002 -8.869995084633000 12.116050800102000 #
-1576 straight-curve $-1 11.508022606044999 -8.869995084633000 12.116050800102000 -1.000000000000000 -0.000000000000000 0.000000000000000 I I #
-1577 vertex $-1 $1134 $1578 #
-1578 point $-1 0.603022441402002 -8.869995084633000 12.116050800102000 #
-1579 straight-curve $-1 0.603022441402002 -8.869995084633000 12.116050800102000 0.000000000000000 0.000000000000000 -1.000000000000000 I I #
-1580 ellipse-curve $-1 -0.666977558597998 2.285512349338060 5.500050584668000 -1.000000000000000 0.000000000000000 0.000000000000000 -0.000000000000000 -0.635000000000000 0.000000000000000 1.000000000000000 I I #
-1581 vertex $-1 $1136 $1582 #
-1582 point $-1 -0.666977558597999 2.920512349338064 5.500050584668000 #
-1583 vertex $-1 $1136 $1584 #
-1584 point $-1 -0.666977558597998 1.650512349338060 5.500050584668000 #
-1585 ellipse-curve $-1 -0.666977558597998 2.285512349338060 5.500050584668000 -1.000000000000000 0.000000000000000 0.000000000000000 -0.000000000000000 -0.635000000000000 0.000000000000000 1.000000000000000 I I #
-1586 ellipse-curve $-1 -0.666977558597998 4.190512349338065 5.500050584668000 -1.000000000000000 0.000000000000000 0.000000000000000 -0.000000000000000 -0.635000000000000 0.000000000000000 1.000000000000000 I I #
-1587 vertex $-1 $1138 $1588 #
-1588 point $-1 -0.666977558597999 4.825512349338068 5.500050584668000 #
-1589 vertex $-1 $1138 $1590 #
-1590 point $-1 -0.666977558597998 3.555512349338065 5.500050584668000 #
-1591 ellipse-curve $-1 -0.666977558597998 4.190512349338065 5.500050584668000 -1.000000000000000 0.000000000000000 0.000000000000000 -0.000000000000000 -0.635000000000000 0.000000000000000 1.000000000000000 I I #
-1592 ellipse-curve $-1 -0.666977558597998 5.143012349338070 7.149828978877360 -1.000000000000000 0.000000000000000 0.000000000000000 -0.000000000000000 -0.635000000000000 0.000000000000000 1.000000000000000 I I #
-1593 vertex $-1 $1140 $1594 #
-1594 point $-1 -0.666977558597999 5.778012349338074 7.149828978877360 #
-1595 vertex $-1 $1140 $1596 #
-1596 point $-1 -0.666977558597998 4.508012349338070 7.149828978877360 #
-1597 ellipse-curve $-1 -0.666977558597998 5.143012349338070 7.149828978877360 -1.000000000000000 0.000000000000000 0.000000000000000 -0.000000000000000 -0.635000000000000 0.000000000000000 1.000000000000000 I I #
-1598 ellipse-curve $-1 -0.666977558597998 5.143012349338070 3.850272190458645 -1.000000000000000 0.000000000000000 0.000000000000000 -0.000000000000000 -0.635000000000000 0.000000000000000 1.000000000000000 I I #
-1599 vertex $-1 $1142 $1600 #
-1600 point $-1 -0.666977558597999 5.778012349338064 3.850272190458645 #
-1601 vertex $-1 $1142 $1602 #
-1602 point $-1 -0.666977558597998 4.508012349338070 3.850272190458645 #
-1603 ellipse-curve $-1 -0.666977558597998 5.143012349338070 3.850272190458645 -1.000000000000000 0.000000000000000 0.000000000000000 -0.000000000000000 -0.635000000000000 0.000000000000000 1.000000000000000 I I #
-1604 ellipse-curve $-1 -0.666977558597998 1.333012349338062 7.149828978877360 -1.000000000000000 0.000000000000000 0.000000000000000 -0.000000000000000 -0.635000000000000 0.000000000000000 1.000000000000000 I I #
-1605 vertex $-1 $1144 $1606 #
-1606 point $-1 -0.666977558597999 1.968012349338061 7.149828978877360 #
-1607 vertex $-1 $1144 $1608 #
-1608 point $-1 -0.666977558597998 0.698012349338062 7.149828978877360 #
-1609 ellipse-curve $-1 -0.666977558597998 1.333012349338062 7.149828978877360 -1.000000000000000 0.000000000000000 0.000000000000000 -0.000000000000000 -0.635000000000000 0.000000000000000 1.000000000000000 I I #
-1610 ellipse-curve $-1 -0.666977558597998 2.285512349338065 8.799607373086721 -1.000000000000000 0.000000000000000 0.000000000000000 -0.000000000000000 -0.635000000000000 0.000000000000000 1.000000000000000 I I #
-1611 vertex $-1 $1146 $1612 #
-1612 point $-1 -0.666977558597999 2.920512349338068 8.799607373086721 #
-1613 vertex $-1 $1146 $1614 #
-1614 point $-1 -0.666977558597998 1.650512349338065 8.799607373086721 #
-1615 ellipse-curve $-1 -0.666977558597998 2.285512349338065 8.799607373086721 -1.000000000000000 0.000000000000000 0.000000000000000 -0.000000000000000 -0.635000000000000 0.000000000000000 1.000000000000000 I I #
-1616 ellipse-curve $-1 -0.666977558597998 4.190512349338070 8.799607373086721 -1.000000000000000 0.000000000000000 0.000000000000000 -0.000000000000000 -0.635000000000000 0.000000000000000 1.000000000000000 I I #
-1617 vertex $-1 $1148 $1618 #
-1618 point $-1 -0.666977558597999 4.825512349338068 8.799607373086721 #
-1619 vertex $-1 $1148 $1620 #
-1620 point $-1 -0.666977558597998 3.555512349338071 8.799607373086721 #
-1621 ellipse-curve $-1 -0.666977558597998 4.190512349338070 8.799607373086721 -1.000000000000000 0.000000000000000 0.000000000000000 -0.000000000000000 -0.635000000000000 0.000000000000000 1.000000000000000 I I #
-1622 ellipse-curve $-1 -0.666977558597998 8.000512349338070 8.799607373086710 -1.000000000000000 0.000000000000000 0.000000000000000 -0.000000000000000 -0.635000000000000 0.000000000000000 1.000000000000000 I I #
-1623 vertex $-1 $1150 $1624 #
-1624 point $-1 -0.666977558597999 8.635512349338073 8.799607373086710 #
-1625 vertex $-1 $1150 $1626 #
-1626 point $-1 -0.666977558597998 7.365512349338070 8.799607373086710 #
-1627 ellipse-curve $-1 -0.666977558597998 8.000512349338070 8.799607373086710 -1.000000000000000 0.000000000000000 0.000000000000000 -0.000000000000000 -0.635000000000000 0.000000000000000 1.000000000000000 I I #
-1628 ellipse-curve $-1 -0.666977558597998 8.953012349338071 7.149828978877360 -1.000000000000000 0.000000000000000 0.000000000000000 -0.000000000000000 -0.635000000000000 0.000000000000000 1.000000000000000 I I #
-1629 vertex $-1 $1152 $1630 #
-1630 point $-1 -0.666977558597999 9.588012349338074 7.149828978877360 #
-1631 vertex $-1 $1152 $1632 #
-1632 point $-1 -0.666977558597998 8.318012349338071 7.149828978877360 #
-1633 ellipse-curve $-1 -0.666977558597998 8.953012349338071 7.149828978877360 -1.000000000000000 0.000000000000000 0.000000000000000 -0.000000000000000 -0.635000000000000 0.000000000000000 1.000000000000000 I I #
-1634 ellipse-curve $-1 -0.666977558597998 10.858012349338061 7.149828978877360 -1.000000000000000 0.000000000000000 0.000000000000000 -0.000000000000000 -0.635000000000000 0.000000000000000 1.000000000000000 I I #
-1635 vertex $-1 $1154 $1636 #
-1636 point $-1 -0.666977558597999 11.493012349338064 7.149828978877360 #
-1637 vertex $-1 $1154 $1638 #
-1638 point $-1 -0.666977558597998 10.223012349338061 7.149828978877360 #
-1639 ellipse-curve $-1 -0.666977558597998 10.858012349338061 7.149828978877360 -1.000000000000000 0.000000000000000 0.000000000000000 -0.000000000000000 -0.635000000000000 0.000000000000000 1.000000000000000 I I #
-1640 ellipse-curve $-1 -0.666977558597998 9.905512349338071 5.500050584668000 -1.000000000000000 0.000000000000000 0.000000000000000 -0.000000000000000 -0.635000000000000 0.000000000000000 1.000000000000000 I I #
-1641 vertex $-1 $1156 $1642 #
-1642 point $-1 -0.666977558597999 10.540512349338075 5.500050584668000 #
-1643 vertex $-1 $1156 $1644 #
-1644 point $-1 -0.666977558597998 9.270512349338071 5.500050584668000 #
-1645 ellipse-curve $-1 -0.666977558597998 9.905512349338071 5.500050584668000 -1.000000000000000 0.000000000000000 0.000000000000000 -0.000000000000000 -0.635000000000000 0.000000000000000 1.000000000000000 I I #
-1646 ellipse-curve $-1 -0.666977558597998 8.000512349338070 5.500050584668000 -1.000000000000000 0.000000000000000 0.000000000000000 -0.000000000000000 -0.635000000000000 0.000000000000000 1.000000000000000 I I #
-1647 vertex $-1 $1158 $1648 #
-1648 point $-1 -0.666977558597999 8.635512349338073 5.500050584668000 #
-1649 vertex $-1 $1158 $1650 #
-1650 point $-1 -0.666977558597998 7.365512349338070 5.500050584668000 #
-1651 ellipse-curve $-1 -0.666977558597998 8.000512349338070 5.500050584668000 -1.000000000000000 0.000000000000000 0.000000000000000 -0.000000000000000 -0.635000000000000 0.000000000000000 1.000000000000000 I I #
-1652 ellipse-curve $-1 -0.666977558597998 6.095512349338070 5.500050584668000 -1.000000000000000 0.000000000000000 0.000000000000000 -0.000000000000000 -0.635000000000000 0.000000000000000 1.000000000000000 I I #
-1653 vertex $-1 $1160 $1654 #
-1654 point $-1 -0.666977558597999 6.730512349338073 5.500050584668000 #
-1655 vertex $-1 $1160 $1656 #
-1656 point $-1 -0.666977558597998 5.460512349338070 5.500050584668000 #
-1657 ellipse-curve $-1 -0.666977558597998 6.095512349338070 5.500050584668000 -1.000000000000000 0.000000000000000 0.000000000000000 -0.000000000000000 -0.635000000000000 0.000000000000000 1.000000000000000 I I #
-1658 ellipse-curve $-1 -0.666977558597998 3.238012349338065 7.149828978877360 -1.000000000000000 0.000000000000000 0.000000000000000 -0.000000000000000 -0.635000000000000 0.000000000000000 1.000000000000000 I I #
-1659 vertex $-1 $1162 $1660 #
-1660 point $-1 -0.666977558597999 3.873012349338069 7.149828978877360 #
-1661 vertex $-1 $1162 $1662 #
-1662 point $-1 -0.666977558597998 2.603012349338065 7.149828978877360 #
-1663 ellipse-curve $-1 -0.666977558597998 3.238012349338065 7.149828978877360 -1.000000000000000 0.000000000000000 0.000000000000000 -0.000000000000000 -0.635000000000000 0.000000000000000 1.000000000000000 I I #
-1664 ellipse-curve $-1 -0.666977558597998 7.048012349338070 7.149828978877360 -1.000000000000000 0.000000000000000 0.000000000000000 -0.000000000000000 -0.635000000000000 0.000000000000000 1.000000000000000 I I #
-1665 vertex $-1 $1164 $1666 #
-1666 point $-1 -0.666977558597999 7.683012349338073 7.149828978877360 #
-1667 vertex $-1 $1164 $1668 #
-1668 point $-1 -0.666977558597998 6.413012349338070 7.149828978877360 #
-1669 ellipse-curve $-1 -0.666977558597998 7.048012349338070 7.149828978877360 -1.000000000000000 0.000000000000000 0.000000000000000 -0.000000000000000 -0.635000000000000 0.000000000000000 1.000000000000000 I I #
-1670 ellipse-curve $-1 -0.666977558597998 7.048012349338070 3.850272190458645 -1.000000000000000 0.000000000000000 0.000000000000000 -0.000000000000000 -0.635000000000000 0.000000000000000 1.000000000000000 I I #
-1671 vertex $-1 $1166 $1672 #
-1672 point $-1 -0.666977558597999 7.683012349338073 3.850272190458645 #
-1673 vertex $-1 $1166 $1674 #
-1674 point $-1 -0.666977558597998 6.413012349338070 3.850272190458645 #
-1675 ellipse-curve $-1 -0.666977558597998 7.048012349338070 3.850272190458645 -1.000000000000000 0.000000000000000 0.000000000000000 -0.000000000000000 -0.635000000000000 0.000000000000000 1.000000000000000 I I #
-1676 ellipse-curve $-1 -0.666977558597998 9.905512349338071 8.799607373086710 -1.000000000000000 0.000000000000000 0.000000000000000 -0.000000000000000 -0.635000000000000 0.000000000000000 1.000000000000000 I I #
-1677 vertex $-1 $1168 $1678 #
-1678 point $-1 -0.666977558597999 10.540512349338075 8.799607373086710 #
-1679 vertex $-1 $1168 $1680 #
-1680 point $-1 -0.666977558597998 9.270512349338071 8.799607373086710 #
-1681 ellipse-curve $-1 -0.666977558597998 9.905512349338071 8.799607373086710 -1.000000000000000 0.000000000000000 0.000000000000000 -0.000000000000000 -0.635000000000000 0.000000000000000 1.000000000000000 I I #
-1682 straight-curve $-1 -0.666977558597997 14.123027686055501 -1.599949199898000 0.000000000000000 1.000000000000000 0.000000000000000 I I #
-1683 vertex $-1 $1170 $1684 #
-1684 point $-1 -0.666977558597999 -7.599995084633000 -1.599949199898000 #
-1685 vertex $-1 $1170 $1686 #
-1686 point $-1 -0.666977558597996 35.846050456744003 -1.599949199898000 #
-1687 straight-curve $-1 -0.666977558597999 -7.599995084633000 12.116050800102000 -0.000000000000000 -0.000000000000000 1.000000000000000 I I #
-1688 vertex $-1 $1171 $1689 #
-1689 point $-1 -0.666977558597999 -7.599995084633000 12.116050800102000 #
-1690 straight-curve $-1 -0.666977558597997 14.123027686055501 12.116050800102000 0.000000000000000 1.000000000000000 0.000000000000000 I I #
-1691 vertex $-1 $1172 $1692 #
-1692 point $-1 -0.666977558597996 35.846050456744003 12.116050800102000 #
-1693 straight-curve $-1 -0.666977558597996 35.846050456744003 12.116050800102000 0.000000000000000 0.000000000000000 -1.000000000000000 I I #
-1694 straight-curve $-1 0.320701041402003 14.123027686055501 12.116050800102000 0.000000000000000 1.000000000000000 0.000000000000000 I I #
-1695 straight-curve $-1 22.695344170688003 14.123027686055501 12.116050800102000 0.000000000000000 -1.000000000000000 0.000000000000000 I I #
-1696 ellipse-curve $-1 22.413022770688002 35.846050456744003 12.116050800102000 0.000000000000000 0.000000000000000 1.000000000000000 -1.270000000000000 0.000000000000000 0.000000000000000 1.000000000000000 I I #
-1697 ellipse-curve $-1 0.603022441402004 35.846050456744003 12.116050800102000 0.000000000000000 0.000000000000000 1.000000000000000 -1.270000000000000 0.000000000000000 0.000000000000000 1.000000000000000 I I #
-1698 ellipse-curve $-1 0.603022441402002 -7.599995084633000 12.116050800102000 0.000000000000000 0.000000000000000 1.000000000000000 -1.270000000000000 0.000000000000000 0.000000000000000 1.000000000000000 I I #
-1699 ellipse-curve $-1 22.413022770688002 -7.599995084633000 12.116050800102000 0.000000000000000 0.000000000000000 1.000000000000000 -1.270000000000000 0.000000000000000 0.000000000000000 1.000000000000000 I I #
-1700 ellipse-curve $-1 22.413022770688002 35.846050456744003 -1.599949199898000 0.000000000000000 0.000000000000000 -1.000000000000000 -1.270000000000000 0.000000000000000 0.000000000000000 1.000000000000000 I I #
-1701 ellipse-curve $-1 22.413022770688002 -7.599995084633000 -1.599949199898000 0.000000000000000 0.000000000000000 -1.000000000000000 -1.270000000000000 0.000000000000000 0.000000000000000 1.000000000000000 I I #
-1702 ellipse-curve $-1 0.603022441402002 -7.599995084633000 -1.599949199898000 0.000000000000000 0.000000000000000 -1.000000000000000 -1.270000000000000 0.000000000000000 0.000000000000000 1.000000000000000 I I #
-1703 ellipse-curve $-1 0.603022441402004 35.846050456744003 -1.599949199898000 0.000000000000000 0.000000000000000 -1.000000000000000 -1.270000000000000 0.000000000000000 0.000000000000000 1.000000000000000 I I #
-1704 ellipse-curve $-1 22.695344170688003 2.285512349338060 5.500050584668000 1.000000000000000 0.000000000000000 0.000000000000000 -0.000000000000000 0.635000000000000 0.000000000000000 1.000000000000000 I I #
-1705 vertex $-1 $1184 $1706 #
-1706 point $-1 22.695344170688003 2.920512349338060 5.500050584668000 #
-1707 vertex $-1 $1184 $1708 #
-1708 point $-1 22.695344170688003 1.650512349338062 5.500050584668000 #
-1709 ellipse-curve $-1 22.695344170688003 2.285512349338060 5.500050584668000 1.000000000000000 0.000000000000000 0.000000000000000 -0.000000000000000 0.635000000000000 0.000000000000000 1.000000000000000 I I #
-1710 ellipse-curve $-1 22.695344170688003 4.190512349338065 5.500050584668000 1.000000000000000 0.000000000000000 0.000000000000000 -0.000000000000000 0.635000000000000 0.000000000000000 1.000000000000000 I I #
-1711 vertex $-1 $1186 $1712 #
-1712 point $-1 22.695344170688003 4.825512349338065 5.500050584668000 #
-1713 vertex $-1 $1186 $1714 #
-1714 point $-1 22.695344170688003 3.555512349338067 5.500050584668000 #
-1715 ellipse-curve $-1 22.695344170688003 4.190512349338065 5.500050584668000 1.000000000000000 0.000000000000000 0.000000000000000 -0.000000000000000 0.635000000000000 0.000000000000000 1.000000000000000 I I #
-1716 ellipse-curve $-1 22.695344170688003 5.143012349338070 7.149828978877360 1.000000000000000 0.000000000000000 0.000000000000000 -0.000000000000000 0.635000000000000 0.000000000000000 1.000000000000000 I I #
-1717 vertex $-1 $1188 $1718 #
-1718 point $-1 22.695344170688003 5.778012349338070 7.149828978877360 #
-1719 vertex $-1 $1188 $1720 #
-1720 point $-1 22.695344170688003 4.508012349338072 7.149828978877360 #
-1721 ellipse-curve $-1 22.695344170688003 5.143012349338070 7.149828978877360 1.000000000000000 0.000000000000000 0.000000000000000 -0.000000000000000 0.635000000000000 0.000000000000000 1.000000000000000 I I #
-1722 ellipse-curve $-1 22.695344170688003 5.143012349338070 3.850272190458645 1.000000000000000 0.000000000000000 0.000000000000000 -0.000000000000000 0.635000000000000 0.000000000000000 1.000000000000000 I I #
-1723 vertex $-1 $1190 $1724 #
-1724 point $-1 22.695344170688003 5.778012349338070 3.850272190458645 #
-1725 vertex $-1 $1190 $1726 #
-1726 point $-1 22.695344170688003 4.508012349338062 3.850272190458645 #
-1727 ellipse-curve $-1 22.695344170688003 5.143012349338070 3.850272190458645 1.000000000000000 0.000000000000000 0.000000000000000 -0.000000000000000 0.635000000000000 0.000000000000000 1.000000000000000 I I #
-1728 ellipse-curve $-1 22.695344170688003 1.333012349338060 7.149828978877360 1.000000000000000 0.000000000000000 0.000000000000000 -0.000000000000000 0.635000000000000 0.000000000000000 1.000000000000000 I I #
-1729 vertex $-1 $1192 $1730 #
-1730 point $-1 22.695344170688003 1.968012349338060 7.149828978877360 #
-1731 vertex $-1 $1192 $1732 #
-1732 point $-1 22.695344170688003 0.698012349338060 7.149828978877360 #
-1733 ellipse-curve $-1 22.695344170688003 1.333012349338060 7.149828978877360 1.000000000000000 0.000000000000000 0.000000000000000 -0.000000000000000 0.635000000000000 0.000000000000000 1.000000000000000 I I #
-1734 ellipse-curve $-1 22.695344170688003 2.285512349338065 8.799607373086721 1.000000000000000 0.000000000000000 0.000000000000000 -0.000000000000000 0.635000000000000 0.000000000000000 1.000000000000000 I I #
-1735 vertex $-1 $1194 $1736 #
-1736 point $-1 22.695344170688003 2.920512349338065 8.799607373086721 #
-1737 vertex $-1 $1194 $1738 #
-1738 point $-1 22.695344170688003 1.650512349338067 8.799607373086721 #
-1739 ellipse-curve $-1 22.695344170688003 2.285512349338065 8.799607373086721 1.000000000000000 0.000000000000000 0.000000000000000 -0.000000000000000 0.635000000000000 0.000000000000000 1.000000000000000 I I #
-1740 ellipse-curve $-1 22.695344170688003 4.190512349338070 8.799607373086721 1.000000000000000 0.000000000000000 0.000000000000000 -0.000000000000000 0.635000000000000 0.000000000000000 1.000000000000000 I I #
-1741 vertex $-1 $1196 $1742 #
-1742 point $-1 22.695344170688003 4.825512349338070 8.799607373086721 #
-1743 vertex $-1 $1196 $1744 #
-1744 point $-1 22.695344170688003 3.555512349338067 8.799607373086721 #
-1745 ellipse-curve $-1 22.695344170688003 4.190512349338070 8.799607373086721 1.000000000000000 0.000000000000000 0.000000000000000 -0.000000000000000 0.635000000000000 0.000000000000000 1.000000000000000 I I #
-1746 ellipse-curve $-1 22.695344170688003 8.000512349338070 8.799607373086710 1.000000000000000 0.000000000000000 0.000000000000000 -0.000000000000000 0.635000000000000 0.000000000000000 1.000000000000000 I I #
-1747 vertex $-1 $1198 $1748 #
-1748 point $-1 22.695344170688003 8.635512349338070 8.799607373086710 #
-1749 vertex $-1 $1198 $1750 #
-1750 point $-1 22.695344170688003 7.365512349338072 8.799607373086710 #
-1751 ellipse-curve $-1 22.695344170688003 8.000512349338070 8.799607373086710 1.000000000000000 0.000000000000000 0.000000000000000 -0.000000000000000 0.635000000000000 0.000000000000000 1.000000000000000 I I #
-1752 ellipse-curve $-1 22.695344170688003 8.953012349338071 7.149828978877360 1.000000000000000 0.000000000000000 0.000000000000000 -0.000000000000000 0.635000000000000 0.000000000000000 1.000000000000000 I I #
-1753 vertex $-1 $1200 $1754 #
-1754 point $-1 22.695344170688003 9.588012349338070 7.149828978877360 #
-1755 vertex $-1 $1200 $1756 #
-1756 point $-1 22.695344170688003 8.318012349338073 7.149828978877360 #
-1757 ellipse-curve $-1 22.695344170688003 8.953012349338071 7.149828978877360 1.000000000000000 0.000000000000000 0.000000000000000 -0.000000000000000 0.635000000000000 0.000000000000000 1.000000000000000 I I #
-1758 ellipse-curve $-1 22.695344170688003 10.858012349338061 7.149828978877360 1.000000000000000 0.000000000000000 0.000000000000000 -0.000000000000000 0.635000000000000 0.000000000000000 1.000000000000000 I I #
-1759 vertex $-1 $1202 $1760 #
-1760 point $-1 22.695344170688003 11.493012349338061 7.149828978877360 #
-1761 vertex $-1 $1202 $1762 #
-1762 point $-1 22.695344170688003 10.223012349338063 7.149828978877360 #
-1763 ellipse-curve $-1 22.695344170688003 10.858012349338061 7.149828978877360 1.000000000000000 0.000000000000000 0.000000000000000 -0.000000000000000 0.635000000000000 0.000000000000000 1.000000000000000 I I #
-1764 ellipse-curve $-1 22.695344170688003 9.905512349338071 5.500050584668000 1.000000000000000 0.000000000000000 0.000000000000000 -0.000000000000000 0.635000000000000 0.000000000000000 1.000000000000000 I I #
-1765 vertex $-1 $1204 $1766 #
-1766 point $-1 22.695344170688003 10.540512349338071 5.500050584668000 #
-1767 vertex $-1 $1204 $1768 #
-1768 point $-1 22.695344170688003 9.270512349338073 5.500050584668000 #
-1769 ellipse-curve $-1 22.695344170688003 9.905512349338071 5.500050584668000 1.000000000000000 0.000000000000000 0.000000000000000 -0.000000000000000 0.635000000000000 0.000000000000000 1.000000000000000 I I #
-1770 ellipse-curve $-1 22.695344170688003 8.000512349338070 5.500050584668000 1.000000000000000 0.000000000000000 0.000000000000000 -0.000000000000000 0.635000000000000 0.000000000000000 1.000000000000000 I I #
-1771 vertex $-1 $1206 $1772 #
-1772 point $-1 22.695344170688003 8.635512349338070 5.500050584668000 #
-1773 vertex $-1 $1206 $1774 #
-1774 point $-1 22.695344170688003 7.365512349338072 5.500050584668000 #
-1775 ellipse-curve $-1 22.695344170688003 8.000512349338070 5.500050584668000 1.000000000000000 0.000000000000000 0.000000000000000 -0.000000000000000 0.635000000000000 0.000000000000000 1.000000000000000 I I #
-1776 ellipse-curve $-1 22.695344170688003 6.095512349338070 5.500050584668000 1.000000000000000 0.000000000000000 0.000000000000000 -0.000000000000000 0.635000000000000 0.000000000000000 1.000000000000000 I I #
-1777 vertex $-1 $1208 $1778 #
-1778 point $-1 22.695344170688003 6.730512349338070 5.500050584668000 #
-1779 vertex $-1 $1208 $1780 #
-1780 point $-1 22.695344170688003 5.460512349338072 5.500050584668000 #
-1781 ellipse-curve $-1 22.695344170688003 6.095512349338070 5.500050584668000 1.000000000000000 0.000000000000000 0.000000000000000 -0.000000000000000 0.635000000000000 0.000000000000000 1.000000000000000 I I #
-1782 ellipse-curve $-1 22.695344170688003 3.238012349338065 7.149828978877360 1.000000000000000 0.000000000000000 0.000000000000000 -0.000000000000000 0.635000000000000 0.000000000000000 1.000000000000000 I I #
-1783 vertex $-1 $1210 $1784 #
-1784 point $-1 22.695344170688003 3.873012349338065 7.149828978877360 #
-1785 vertex $-1 $1210 $1786 #
-1786 point $-1 22.695344170688003 2.603012349338067 7.149828978877360 #
-1787 ellipse-curve $-1 22.695344170688003 3.238012349338065 7.149828978877360 1.000000000000000 0.000000000000000 0.000000000000000 -0.000000000000000 0.635000000000000 0.000000000000000 1.000000000000000 I I #
-1788 ellipse-curve $-1 22.695344170688003 7.048012349338070 7.149828978877360 1.000000000000000 0.000000000000000 0.000000000000000 -0.000000000000000 0.635000000000000 0.000000000000000 1.000000000000000 I I #
-1789 vertex $-1 $1212 $1790 #
-1790 point $-1 22.695344170688003 7.683012349338069 7.149828978877360 #
-1791 vertex $-1 $1212 $1792 #
-1792 point $-1 22.695344170688003 6.413012349338072 7.149828978877360 #
-1793 ellipse-curve $-1 22.695344170688003 7.048012349338070 7.149828978877360 1.000000000000000 0.000000000000000 0.000000000000000 -0.000000000000000 0.635000000000000 0.000000000000000 1.000000000000000 I I #
-1794 ellipse-curve $-1 22.695344170688003 7.048012349338070 3.850272190458645 1.000000000000000 0.000000000000000 0.000000000000000 -0.000000000000000 0.635000000000000 0.000000000000000 1.000000000000000 I I #
-1795 vertex $-1 $1214 $1796 #
-1796 point $-1 22.695344170688003 7.683012349338069 3.850272190458645 #
-1797 vertex $-1 $1214 $1798 #
-1798 point $-1 22.695344170688003 6.413012349338072 3.850272190458645 #
-1799 ellipse-curve $-1 22.695344170688003 7.048012349338070 3.850272190458645 1.000000000000000 0.000000000000000 0.000000000000000 -0.000000000000000 0.635000000000000 0.000000000000000 1.000000000000000 I I #
-1800 ellipse-curve $-1 22.695344170688003 9.905512349338071 8.799607373086710 1.000000000000000 0.000000000000000 0.000000000000000 -0.000000000000000 0.635000000000000 0.000000000000000 1.000000000000000 I I #
-1801 vertex $-1 $1216 $1802 #
-1802 point $-1 22.695344170688003 10.540512349338071 8.799607373086710 #
-1803 vertex $-1 $1216 $1804 #
-1804 point $-1 22.695344170688003 9.270512349338073 8.799607373086710 #
-1805 ellipse-curve $-1 22.695344170688003 9.905512349338071 8.799607373086710 1.000000000000000 0.000000000000000 0.000000000000000 -0.000000000000000 0.635000000000000 0.000000000000000 1.000000000000000 I I #
-1806 straight-curve $-1 22.695344170688003 14.123027686055501 -0.612270599898000 0.000000000000000 -1.000000000000000 0.000000000000000 I I #
-1807 ellipse-curve $-1 0.320701041402000 2.285512349338060 5.500050584668000 -1.000000000000000 0.000000000000000 0.000000000000000 -0.000000000000000 -0.635000000000000 0.000000000000000 1.000000000000000 I I #
-1808 vertex $-1 $1219 $1809 #
-1809 point $-1 0.320701041401999 1.650512349338060 5.500050584668000 #
-1810 vertex $-1 $1219 $1811 #
-1811 point $-1 0.320701041401996 2.920512349338064 5.500050584668000 #
-1812 ellipse-curve $-1 0.320701041402000 2.285512349338060 5.500050584668000 -1.000000000000000 0.000000000000000 0.000000000000000 -0.000000000000000 -0.635000000000000 0.000000000000000 1.000000000000000 I I #
-1813 ellipse-curve $-1 0.320701041402000 4.190512349338065 5.500050584668000 -1.000000000000000 0.000000000000000 0.000000000000000 -0.000000000000000 -0.635000000000000 0.000000000000000 1.000000000000000 I I #
-1814 vertex $-1 $1221 $1815 #
-1815 point $-1 0.320701041401999 3.555512349338065 5.500050584668000 #
-1816 vertex $-1 $1221 $1817 #
-1817 point $-1 0.320701041401996 4.825512349338068 5.500050584668000 #
-1818 ellipse-curve $-1 0.320701041402000 4.190512349338065 5.500050584668000 -1.000000000000000 0.000000000000000 0.000000000000000 -0.000000000000000 -0.635000000000000 0.000000000000000 1.000000000000000 I I #
-1819 ellipse-curve $-1 0.320701041402000 5.143012349338070 7.149828978877360 -1.000000000000000 0.000000000000000 0.000000000000000 -0.000000000000000 -0.635000000000000 0.000000000000000 1.000000000000000 I I #
-1820 vertex $-1 $1223 $1821 #
-1821 point $-1 0.320701041401999 4.508012349338070 7.149828978877360 #
-1822 vertex $-1 $1223 $1823 #
-1823 point $-1 0.320701041401996 5.778012349338074 7.149828978877360 #
-1824 ellipse-curve $-1 0.320701041402000 5.143012349338070 7.149828978877360 -1.000000000000000 0.000000000000000 0.000000000000000 -0.000000000000000 -0.635000000000000 0.000000000000000 1.000000000000000 I I #
-1825 ellipse-curve $-1 0.320701041402000 5.143012349338070 3.850272190458645 -1.000000000000000 0.000000000000000 0.000000000000000 -0.000000000000000 -0.635000000000000 0.000000000000000 1.000000000000000 I I #
-1826 vertex $-1 $1225 $1827 #
-1827 point $-1 0.320701041401999 4.508012349338070 3.850272190458645 #
-1828 vertex $-1 $1225 $1829 #
-1829 point $-1 0.320701041401996 5.778012349338064 3.850272190458645 #
-1830 ellipse-curve $-1 0.320701041402000 5.143012349338070 3.850272190458645 -1.000000000000000 0.000000000000000 0.000000000000000 -0.000000000000000 -0.635000000000000 0.000000000000000 1.000000000000000 I I #
-1831 ellipse-curve $-1 0.320701041402000 1.333012349338062 7.149828978877360 -1.000000000000000 0.000000000000000 0.000000000000000 -0.000000000000000 -0.635000000000000 0.000000000000000 1.000000000000000 I I #
-1832 vertex $-1 $1227 $1833 #
-1833 point $-1 0.320701041401999 0.698012349338062 7.149828978877360 #
-1834 vertex $-1 $1227 $1835 #
-1835 point $-1 0.320701041401996 1.968012349338061 7.149828978877360 #
-1836 ellipse-curve $-1 0.320701041402000 1.333012349338062 7.149828978877360 -1.000000000000000 0.000000000000000 0.000000000000000 -0.000000000000000 -0.635000000000000 0.000000000000000 1.000000000000000 I I #
-1837 ellipse-curve $-1 0.320701041402000 2.285512349338065 8.799607373086721 -1.000000000000000 0.000000000000000 0.000000000000000 -0.000000000000000 -0.635000000000000 0.000000000000000 1.000000000000000 I I #
-1838 vertex $-1 $1229 $1839 #
-1839 point $-1 0.320701041401999 1.650512349338065 8.799607373086721 #
-1840 vertex $-1 $1229 $1841 #
-1841 point $-1 0.320701041401996 2.920512349338068 8.799607373086721 #
-1842 ellipse-curve $-1 0.320701041402000 2.285512349338065 8.799607373086721 -1.000000000000000 0.000000000000000 0.000000000000000 -0.000000000000000 -0.635000000000000 0.000000000000000 1.000000000000000 I I #
-1843 ellipse-curve $-1 0.320701041402000 4.190512349338070 8.799607373086721 -1.000000000000000 0.000000000000000 0.000000000000000 -0.000000000000000 -0.635000000000000 0.000000000000000 1.000000000000000 I I #
-1844 vertex $-1 $1231 $1845 #
-1845 point $-1 0.320701041401999 3.555512349338071 8.799607373086721 #
-1846 vertex $-1 $1231 $1847 #
-1847 point $-1 0.320701041401996 4.825512349338068 8.799607373086721 #
-1848 ellipse-curve $-1 0.320701041402000 4.190512349338070 8.799607373086721 -1.000000000000000 0.000000000000000 0.000000000000000 -0.000000000000000 -0.635000000000000 0.000000000000000 1.000000000000000 I I #
-1849 ellipse-curve $-1 0.320701041402000 8.000512349338070 8.799607373086710 -1.000000000000000 0.000000000000000 0.000000000000000 -0.000000000000000 -0.635000000000000 0.000000000000000 1.000000000000000 I I #
-1850 vertex $-1 $1233 $1851 #
-1851 point $-1 0.320701041401999 7.365512349338070 8.799607373086710 #
-1852 vertex $-1 $1233 $1853 #
-1853 point $-1 0.320701041401996 8.635512349338073 8.799607373086710 #
-1854 ellipse-curve $-1 0.320701041402000 8.000512349338070 8.799607373086710 -1.000000000000000 0.000000000000000 0.000000000000000 -0.000000000000000 -0.635000000000000 0.000000000000000 1.000000000000000 I I #
-1855 ellipse-curve $-1 0.320701041402000 8.953012349338071 7.149828978877360 -1.000000000000000 0.000000000000000 0.000000000000000 -0.000000000000000 -0.635000000000000 0.000000000000000 1.000000000000000 I I #
-1856 vertex $-1 $1235 $1857 #
-1857 point $-1 0.320701041401999 8.318012349338071 7.149828978877360 #
-1858 vertex $-1 $1235 $1859 #
-1859 point $-1 0.320701041401996 9.588012349338074 7.149828978877360 #
-1860 ellipse-curve $-1 0.320701041402000 8.953012349338071 7.149828978877360 -1.000000000000000 0.000000000000000 0.000000000000000 -0.000000000000000 -0.635000000000000 0.000000000000000 1.000000000000000 I I #
-1861 ellipse-curve $-1 0.320701041402000 10.858012349338061 7.149828978877360 -1.000000000000000 0.000000000000000 0.000000000000000 -0.000000000000000 -0.635000000000000 0.000000000000000 1.000000000000000 I I #
-1862 vertex $-1 $1237 $1863 #
-1863 point $-1 0.320701041401999 10.223012349338061 7.149828978877360 #
-1864 vertex $-1 $1237 $1865 #
-1865 point $-1 0.320701041401996 11.493012349338064 7.149828978877360 #
-1866 ellipse-curve $-1 0.320701041402000 10.858012349338061 7.149828978877360 -1.000000000000000 0.000000000000000 0.000000000000000 -0.000000000000000 -0.635000000000000 0.000000000000000 1.000000000000000 I I #
-1867 ellipse-curve $-1 0.320701041402000 9.905512349338071 5.500050584668000 -1.000000000000000 0.000000000000000 0.000000000000000 -0.000000000000000 -0.635000000000000 0.000000000000000 1.000000000000000 I I #
-1868 vertex $-1 $1239 $1869 #
-1869 point $-1 0.320701041401999 9.270512349338071 5.500050584668000 #
-1870 vertex $-1 $1239 $1871 #
-1871 point $-1 0.320701041401996 10.540512349338075 5.500050584668000 #
-1872 ellipse-curve $-1 0.320701041402000 9.905512349338071 5.500050584668000 -1.000000000000000 0.000000000000000 0.000000000000000 -0.000000000000000 -0.635000000000000 0.000000000000000 1.000000000000000 I I #
-1873 ellipse-curve $-1 0.320701041402000 8.000512349338070 5.500050584668000 -1.000000000000000 0.000000000000000 0.000000000000000 -0.000000000000000 -0.635000000000000 0.000000000000000 1.000000000000000 I I #
-1874 vertex $-1 $1241 $1875 #
-1875 point $-1 0.320701041401999 7.365512349338070 5.500050584668000 #
-1876 vertex $-1 $1241 $1877 #
-1877 point $-1 0.320701041401996 8.635512349338073 5.500050584668000 #
-1878 ellipse-curve $-1 0.320701041402000 8.000512349338070 5.500050584668000 -1.000000000000000 0.000000000000000 0.000000000000000 -0.000000000000000 -0.635000000000000 0.000000000000000 1.000000000000000 I I #
-1879 ellipse-curve $-1 0.320701041402000 6.095512349338070 5.500050584668000 -1.000000000000000 0.000000000000000 0.000000000000000 -0.000000000000000 -0.635000000000000 0.000000000000000 1.000000000000000 I I #
-1880 vertex $-1 $1243 $1881 #
-1881 point $-1 0.320701041401999 5.460512349338070 5.500050584668000 #
-1882 vertex $-1 $1243 $1883 #
-1883 point $-1 0.320701041401996 6.730512349338073 5.500050584668000 #
-1884 ellipse-curve $-1 0.320701041402000 6.095512349338070 5.500050584668000 -1.000000000000000 0.000000000000000 0.000000000000000 -0.000000000000000 -0.635000000000000 0.000000000000000 1.000000000000000 I I #
-1885 ellipse-curve $-1 0.320701041402000 3.238012349338065 7.149828978877360 -1.000000000000000 0.000000000000000 0.000000000000000 -0.000000000000000 -0.635000000000000 0.000000000000000 1.000000000000000 I I #
-1886 vertex $-1 $1245 $1887 #
-1887 point $-1 0.320701041401999 2.603012349338065 7.149828978877360 #
-1888 vertex $-1 $1245 $1889 #
-1889 point $-1 0.320701041401996 3.873012349338069 7.149828978877360 #
-1890 ellipse-curve $-1 0.320701041402000 3.238012349338065 7.149828978877360 -1.000000000000000 0.000000000000000 0.000000000000000 -0.000000000000000 -0.635000000000000 0.000000000000000 1.000000000000000 I I #
-1891 ellipse-curve $-1 0.320701041402000 7.048012349338070 7.149828978877360 -1.000000000000000 0.000000000000000 0.000000000000000 -0.000000000000000 -0.635000000000000 0.000000000000000 1.000000000000000 I I #
-1892 vertex $-1 $1247 $1893 #
-1893 point $-1 0.320701041401999 6.413012349338070 7.149828978877360 #
-1894 vertex $-1 $1247 $1895 #
-1895 point $-1 0.320701041401996 7.683012349338073 7.149828978877360 #
-1896 ellipse-curve $-1 0.320701041402000 7.048012349338070 7.149828978877360 -1.000000000000000 0.000000000000000 0.000000000000000 -0.000000000000000 -0.635000000000000 0.000000000000000 1.000000000000000 I I #
-1897 ellipse-curve $-1 0.320701041402000 7.048012349338070 3.850272190458645 -1.000000000000000 0.000000000000000 0.000000000000000 -0.000000000000000 -0.635000000000000 0.000000000000000 1.000000000000000 I I #
-1898 vertex $-1 $1249 $1899 #
-1899 point $-1 0.320701041401999 6.413012349338070 3.850272190458645 #
-1900 vertex $-1 $1249 $1901 #
-1901 point $-1 0.320701041401996 7.683012349338073 3.850272190458645 #
-1902 ellipse-curve $-1 0.320701041402000 7.048012349338070 3.850272190458645 -1.000000000000000 0.000000000000000 0.000000000000000 -0.000000000000000 -0.635000000000000 0.000000000000000 1.000000000000000 I I #
-1903 ellipse-curve $-1 0.320701041402000 9.905512349338071 8.799607373086710 -1.000000000000000 0.000000000000000 0.000000000000000 -0.000000000000000 -0.635000000000000 0.000000000000000 1.000000000000000 I I #
-1904 vertex $-1 $1251 $1905 #
-1905 point $-1 0.320701041401999 9.270512349338071 8.799607373086710 #
-1906 vertex $-1 $1251 $1907 #
-1907 point $-1 0.320701041401996 10.540512349338075 8.799607373086710 #
-1908 ellipse-curve $-1 0.320701041402000 9.905512349338071 8.799607373086710 -1.000000000000000 0.000000000000000 0.000000000000000 -0.000000000000000 -0.635000000000000 0.000000000000000 1.000000000000000 I I #
-1909 straight-curve $-1 0.320701041402003 14.123027686055501 -0.612270599898000 0.000000000000000 1.000000000000000 0.000000000000000 I I #
-1910 straight-curve $-1 7.008022606044999 11.716050456744000 5.340050800102000 0.000000000000000 1.000000000000000 0.000000000000000 I I #
-1911 straight-curve $-1 7.008022606044999 11.716050456744000 7.190050800102000 0.000000000000000 1.000000000000000 0.000000000000000 I I #
-1912 straight-curve $-1 7.708022606045000 11.716050456744000 7.890050800101999 0.000000000000000 1.000000000000000 0.000000000000000 I I #
-1913 straight-curve $-1 15.308022606045000 11.716050456744000 7.890050800101999 0.000000000000000 1.000000000000000 0.000000000000000 I I #
-1914 straight-curve $-1 16.008022606044999 11.716050456744000 7.190050800102000 0.000000000000000 1.000000000000000 0.000000000000000 I I #
-1915 straight-curve $-1 16.008022606044999 11.716050456744000 5.340050800102000 0.000000000000000 1.000000000000000 0.000000000000000 I I #
-1916 straight-curve $-1 15.308022606045000 11.716050456744000 4.640050800102000 0.000000000000000 1.000000000000000 0.000000000000000 I I #
-1917 straight-curve $-1 7.708022606045000 11.716050456744000 4.640050800102000 0.000000000000000 1.000000000000000 0.000000000000000 I I #
-1918 straight-curve $-1 0.320701041401996 10.540512349338075 8.799607373086710 -1.000000000000000 0.000000000000000 0.000000000000000 I I #
-1919 straight-curve $-1 0.320701041402010 9.270512349338075 8.799607373086710 -1.000000000000000 0.000000000000000 0.000000000000000 I I #
-1920 straight-curve $-1 0.320701041401996 7.683012349338073 3.850272190458645 -1.000000000000000 0.000000000000000 0.000000000000000 I I #
-1921 straight-curve $-1 0.320701041402010 6.413012349338073 3.850272190458645 -1.000000000000000 0.000000000000000 0.000000000000000 I I #
-1922 straight-curve $-1 0.320701041401996 7.683012349338073 7.149828978877360 -1.000000000000000 0.000000000000000 0.000000000000000 I I #
-1923 straight-curve $-1 0.320701041402010 6.413012349338073 7.149828978877360 -1.000000000000000 0.000000000000000 0.000000000000000 I I #
-1924 straight-curve $-1 0.320701041401996 3.873012349338069 7.149828978877360 -1.000000000000000 0.000000000000000 0.000000000000000 I I #
-1925 straight-curve $-1 0.320701041402010 2.603012349338068 7.149828978877360 -1.000000000000000 0.000000000000000 0.000000000000000 I I #
-1926 straight-curve $-1 0.320701041401996 6.730512349338073 5.500050584668000 -1.000000000000000 0.000000000000000 0.000000000000000 I I #
-1927 straight-curve $-1 0.320701041402010 5.460512349338074 5.500050584668000 -1.000000000000000 0.000000000000000 0.000000000000000 I I #
-1928 straight-curve $-1 0.320701041401996 8.635512349338073 5.500050584668000 -1.000000000000000 0.000000000000000 0.000000000000000 I I #
-1929 straight-curve $-1 0.320701041402010 7.365512349338074 5.500050584668000 -1.000000000000000 0.000000000000000 0.000000000000000 I I #
-1930 straight-curve $-1 0.320701041401996 10.540512349338075 5.500050584668000 -1.000000000000000 0.000000000000000 0.000000000000000 I I #
-1931 straight-curve $-1 0.320701041402010 9.270512349338075 5.500050584668000 -1.000000000000000 0.000000000000000 0.000000000000000 I I #
-1932 straight-curve $-1 0.320701041401996 11.493012349338064 7.149828978877360 -1.000000000000000 0.000000000000000 0.000000000000000 I I #
-1933 straight-curve $-1 0.320701041402010 10.223012349338065 7.149828978877360 -1.000000000000000 0.000000000000000 0.000000000000000 I I #
-1934 straight-curve $-1 0.320701041401996 9.588012349338074 7.149828978877360 -1.000000000000000 0.000000000000000 0.000000000000000 I I #
-1935 straight-curve $-1 0.320701041402010 8.318012349338074 7.149828978877360 -1.000000000000000 0.000000000000000 0.000000000000000 I I #
-1936 straight-curve $-1 0.320701041401996 8.635512349338073 8.799607373086710 -1.000000000000000 0.000000000000000 0.000000000000000 I I #
-1937 straight-curve $-1 0.320701041402010 7.365512349338074 8.799607373086710 -1.000000000000000 0.000000000000000 0.000000000000000 I I #
-1938 straight-curve $-1 0.320701041401996 4.825512349338068 8.799607373086721 -1.000000000000000 0.000000000000000 0.000000000000000 I I #
-1939 straight-curve $-1 0.320701041402010 3.555512349338069 8.799607373086721 -1.000000000000000 0.000000000000000 0.000000000000000 I I #
-1940 straight-curve $-1 0.320701041401996 2.920512349338068 8.799607373086721 -1.000000000000000 0.000000000000000 0.000000000000000 I I #
-1941 straight-curve $-1 0.320701041402010 1.650512349338068 8.799607373086721 -1.000000000000000 0.000000000000000 0.000000000000000 I I #
-1942 straight-curve $-1 0.320701041401996 1.968012349338061 7.149828978877360 -1.000000000000000 0.000000000000000 0.000000000000000 I I #
-1943 straight-curve $-1 0.320701041402010 0.698012349338061 7.149828978877360 -1.000000000000000 0.000000000000000 0.000000000000000 I I #
-1944 straight-curve $-1 0.320701041401996 5.778012349338064 3.850272190458645 -1.000000000000000 0.000000000000000 0.000000000000000 I I #
-1945 straight-curve $-1 0.320701041402010 4.508012349338064 3.850272190458645 -1.000000000000000 0.000000000000000 0.000000000000000 I I #
-1946 straight-curve $-1 0.320701041401996 5.778012349338074 7.149828978877360 -1.000000000000000 0.000000000000000 0.000000000000000 I I #
-1947 straight-curve $-1 0.320701041402010 4.508012349338074 7.149828978877360 -1.000000000000000 0.000000000000000 0.000000000000000 I I #
-1948 straight-curve $-1 0.320701041401996 4.825512349338068 5.500050584668000 -1.000000000000000 0.000000000000000 0.000000000000000 I I #
-1949 straight-curve $-1 0.320701041402010 3.555512349338069 5.500050584668000 -1.000000000000000 0.000000000000000 0.000000000000000 I I #
-1950 straight-curve $-1 0.320701041401996 2.920512349338064 5.500050584668000 -1.000000000000000 0.000000000000000 0.000000000000000 I I #
-1951 straight-curve $-1 0.320701041402010 1.650512349338064 5.500050584668000 -1.000000000000000 0.000000000000000 0.000000000000000 I I #
-1952 straight-curve $-1 23.683022770688002 10.540512349338073 8.799607373086710 -1.000000000000000 0.000000000000000 0.000000000000000 I I #
-1953 straight-curve $-1 23.683022770688002 9.270512349338073 8.799607373086710 -1.000000000000000 0.000000000000000 0.000000000000000 I I #
-1954 straight-curve $-1 23.683022770688002 7.683012349338071 3.850272190458645 -1.000000000000000 0.000000000000000 0.000000000000000 I I #
-1955 straight-curve $-1 23.683022770688002 6.413012349338072 3.850272190458645 -1.000000000000000 0.000000000000000 0.000000000000000 I I #
-1956 straight-curve $-1 23.683022770688002 7.683012349338071 7.149828978877360 -1.000000000000000 0.000000000000000 0.000000000000000 I I #
-1957 straight-curve $-1 23.683022770688002 6.413012349338072 7.149828978877360 -1.000000000000000 0.000000000000000 0.000000000000000 I I #
-1958 straight-curve $-1 23.683022770688002 3.873012349338067 7.149828978877360 -1.000000000000000 0.000000000000000 0.000000000000000 I I #
-1959 straight-curve $-1 23.683022770688002 2.603012349338067 7.149828978877360 -1.000000000000000 0.000000000000000 0.000000000000000 I I #
-1960 straight-curve $-1 23.683022770688002 6.730512349338072 5.500050584668000 -1.000000000000000 0.000000000000000 0.000000000000000 I I #
-1961 straight-curve $-1 23.683022770688002 5.460512349338072 5.500050584668000 -1.000000000000000 0.000000000000000 0.000000000000000 I I #
-1962 straight-curve $-1 23.683022770688002 8.635512349338072 5.500050584668000 -1.000000000000000 0.000000000000000 0.000000000000000 I I #
-1963 straight-curve $-1 23.683022770688002 7.365512349338072 5.500050584668000 -1.000000000000000 0.000000000000000 0.000000000000000 I I #
-1964 straight-curve $-1 23.683022770688002 10.540512349338073 5.500050584668000 -1.000000000000000 0.000000000000000 0.000000000000000 I I #
-1965 straight-curve $-1 23.683022770688002 9.270512349338073 5.500050584668000 -1.000000000000000 0.000000000000000 0.000000000000000 I I #
-1966 straight-curve $-1 23.683022770688002 11.493012349338063 7.149828978877360 -1.000000000000000 0.000000000000000 0.000000000000000 I I #
-1967 straight-curve $-1 23.683022770688002 10.223012349338063 7.149828978877360 -1.000000000000000 0.000000000000000 0.000000000000000 I I #
-1968 straight-curve $-1 23.683022770688002 9.588012349338072 7.149828978877360 -1.000000000000000 0.000000000000000 0.000000000000000 I I #
-1969 straight-curve $-1 23.683022770688002 8.318012349338073 7.149828978877360 -1.000000000000000 0.000000000000000 0.000000000000000 I I #
-1970 straight-curve $-1 23.683022770688002 8.635512349338072 8.799607373086710 -1.000000000000000 0.000000000000000 0.000000000000000 I I #
-1971 straight-curve $-1 23.683022770688002 7.365512349338072 8.799607373086710 -1.000000000000000 0.000000000000000 0.000000000000000 I I #
-1972 straight-curve $-1 23.683022770688002 4.825512349338068 8.799607373086721 -1.000000000000000 0.000000000000000 0.000000000000000 I I #
-1973 straight-curve $-1 23.683022770688002 3.555512349338067 8.799607373086721 -1.000000000000000 0.000000000000000 0.000000000000000 I I #
-1974 straight-curve $-1 23.683022770688002 2.920512349338067 8.799607373086721 -1.000000000000000 0.000000000000000 0.000000000000000 I I #
-1975 straight-curve $-1 23.683022770688002 1.650512349338067 8.799607373086721 -1.000000000000000 0.000000000000000 0.000000000000000 I I #
-1976 straight-curve $-1 23.683022770688002 1.968012349338060 7.149828978877360 -1.000000000000000 0.000000000000000 0.000000000000000 I I #
-1977 straight-curve $-1 23.683022770688002 0.698012349338060 7.149828978877360 -1.000000000000000 0.000000000000000 0.000000000000000 I I #
-1978 straight-curve $-1 23.683022770688002 5.778012349338063 3.850272190458645 -1.000000000000000 0.000000000000000 0.000000000000000 I I #
-1979 straight-curve $-1 23.683022770688002 4.508012349338062 3.850272190458645 -1.000000000000000 0.000000000000000 0.000000000000000 I I #
-1980 straight-curve $-1 23.683022770688002 5.778012349338072 7.149828978877360 -1.000000000000000 0.000000000000000 0.000000000000000 I I #
-1981 straight-curve $-1 23.683022770688002 4.508012349338072 7.149828978877360 -1.000000000000000 0.000000000000000 0.000000000000000 I I #
-1982 straight-curve $-1 23.683022770688002 4.825512349338068 5.500050584668000 -1.000000000000000 0.000000000000000 0.000000000000000 I I #
-1983 straight-curve $-1 23.683022770688002 3.555512349338067 5.500050584668000 -1.000000000000000 0.000000000000000 0.000000000000000 I I #
-1984 straight-curve $-1 23.683022770688002 2.920512349338062 5.500050584668000 -1.000000000000000 0.000000000000000 0.000000000000000 I I #
-1985 straight-curve $-1 23.683022770688002 1.650512349338062 5.500050584668000 -1.000000000000000 0.000000000000000 0.000000000000000 I I #
-1986 straight-curve $-1 21.143022770687999 -8.469995084633000 5.751890300102000 0.000000000000001 0.000000000000000 -1.000000000000000 I I #
-1987 vertex $-1 $1330 $1988 #
-1988 point $-1 21.143022770687999 -8.469995084633000 10.846050800101999 #
-1989 vertex $-1 $1330 $1990 #
-1990 point $-1 21.143022770687999 -8.469995084633000 0.657729800102001 #
-1991 straight-curve $-1 17.595522688366501 -8.469995084633000 0.657729800102001 -1.000000000000000 -0.000000000000000 -0.000000000000000 I I #
-1992 vertex $-1 $1331 $1993 #
-1993 point $-1 14.048022606044999 -8.469995084633000 0.657729800102001 #
-1994 straight-curve $-1 14.048022606044999 -8.469995084633000 5.751890300102000 0.000000000000000 0.000000000000000 -1.000000000000000 I I #
-1995 vertex $-1 $1332 $1996 #
-1996 point $-1 14.048022606044999 -8.469995084633000 10.846050800101999 #
-1997 straight-curve $-1 17.595522688366501 -8.469995084633000 10.846050800101999 -1.000000000000000 -0.000000000000000 -0.000000000000000 I I #
-1998 straight-curve $-1 5.420522523723500 -8.469995084633000 10.846050800101999 1.000000000000000 0.000000000000000 0.000000000000000 I I #
-1999 vertex $-1 $1334 $2000 #
-2000 point $-1 1.873022441402000 -8.469995084633000 10.846050800101999 #
-2001 vertex $-1 $1334 $2002 #
-2002 point $-1 8.968022606045000 -8.469995084633000 10.846050800101999 #
-2003 straight-curve $-1 8.968022606045000 -8.469995084633000 5.751890300102000 0.000000000000000 0.000000000000000 -1.000000000000000 I I #
-2004 vertex $-1 $1335 $2005 #
-2005 point $-1 8.968022606045000 -8.469995084633000 0.657729800102001 #
-2006 straight-curve $-1 5.420522523723500 -8.469995084633000 0.657729800102000 1.000000000000000 0.000000000000000 0.000000000000000 I I #
-2007 vertex $-1 $1336 $2008 #
-2008 point $-1 1.873022441402005 -8.469995084633000 0.657729800102000 #
-2009 straight-curve $-1 1.873022441402000 -8.469995084633000 5.751890300102000 0.000000000000000 0.000000000000000 -1.000000000000000 I I #
-2010 straight-curve $-1 13.232902739378320 -7.654876417966330 11.661170666768660 0.577350269189627 -0.577350269189627 -0.577350269189624 I I #
-2011 straight-curve $-1 18.323142582473650 -11.289876472847340 8.026170611887681 0.577350269189627 0.577350269189627 0.577350269189624 I I #
-2012 straight-curve $-1 19.960522743247498 -9.652496312073501 1.840229827542500 0.577350269189627 0.577350269189626 -0.577350269189625 I I #
-2013 straight-curve $-1 15.230522633485499 -9.652496312073501 1.840229827542500 0.577350269189625 -0.577350269189626 0.577350269189626 I I #
-2014 straight-curve $-1 5.300676241402000 -11.897650084633000 4.085383600102000 0.577350269189626 -0.577350269189626 0.577350269189626 I I #
-2015 straight-curve $-1 3.055522468842505 -9.652496312073501 9.663550772661500 -0.577350269189626 0.577350269189626 0.577350269189625 I I #
-2016 straight-curve $-1 7.269969106045000 -10.168049784633000 9.147997300102011 0.577350269189626 0.577350269189626 0.577350269189625 I I #
-2017 straight-curve $-1 7.269969106045000 -10.168049784633000 2.355783300102000 -0.577350269189626 -0.577350269189626 0.577350269189626 I I #
End-of-ACIS-data 