ISO-10303-21;
HEADER;
/* Generated by software containing ST-Developer
 * from STEP Tools, Inc. (www.steptools.com) 
 */
/* OPTION: using custom renumber hook */

FILE_DESCRIPTION(
/* description */ ('STEP AP242 Edition 2',
'CAx-IF Rec.Pracs.---Representation and Presentation of Product Manufa
cturing Information (PMI)---4.0---2014-10-13',
'CAx-IF Rec.Pracs.---3D Tessellated Geometry---0.4---2014-09-14','2;1',
'CAx-IF Rec.Pracs.---User Defined Attributes---1.5---2016-08-15'),
/* implementation_level */ '2;1');

FILE_NAME(
/* name */ '3D_PCB2_2026-05-29 (3) - Case',
/* time_stamp */ '2026-05-30T02:17:11Z',
/* author */ (''),
/* organization */ (''),
/* preprocessor_version */ 'ST-DEVELOPER v20',
/* originating_system */ 'ONSHAPE BY PTC INC, 1.215',
/* authorisation */ '  ');

FILE_SCHEMA (('AP242_MANAGED_MODEL_BASED_3D_ENGINEERING_MIM_LF { 1 0 10303 442 3 1 4 }'));
ENDSEC;

DATA;
#10=SHAPE_REPRESENTATION_RELATIONSHIP('','',#1305,#11);
#11=ADVANCED_BREP_SHAPE_REPRESENTATION('',(#1303),#2175);
#12=CYLINDRICAL_SURFACE('',#1403,0.0007);
#13=CYLINDRICAL_SURFACE('',#1405,0.0007);
#14=CYLINDRICAL_SURFACE('',#1407,0.0007);
#15=CYLINDRICAL_SURFACE('',#1409,0.0007);
#16=CYLINDRICAL_SURFACE('',#1410,0.00127);
#17=CYLINDRICAL_SURFACE('',#1411,0.00127);
#18=CYLINDRICAL_SURFACE('',#1412,0.00127);
#19=CYLINDRICAL_SURFACE('',#1413,0.00127);
#20=CYLINDRICAL_SURFACE('',#1414,0.000635);
#21=CYLINDRICAL_SURFACE('',#1415,0.000635);
#22=CYLINDRICAL_SURFACE('',#1416,0.000635);
#23=CYLINDRICAL_SURFACE('',#1417,0.000635);
#24=CYLINDRICAL_SURFACE('',#1418,0.000635);
#25=CYLINDRICAL_SURFACE('',#1419,0.000635);
#26=CYLINDRICAL_SURFACE('',#1420,0.000635);
#27=CYLINDRICAL_SURFACE('',#1421,0.000635);
#28=CYLINDRICAL_SURFACE('',#1422,0.000635);
#29=CYLINDRICAL_SURFACE('',#1423,0.000635);
#30=CYLINDRICAL_SURFACE('',#1424,0.000635);
#31=CYLINDRICAL_SURFACE('',#1425,0.000635);
#32=CYLINDRICAL_SURFACE('',#1426,0.000635);
#33=CYLINDRICAL_SURFACE('',#1427,0.000635);
#34=CYLINDRICAL_SURFACE('',#1428,0.000635);
#35=CYLINDRICAL_SURFACE('',#1429,0.000635);
#36=CYLINDRICAL_SURFACE('',#1430,0.000635);
#37=CYLINDRICAL_SURFACE('',#1431,0.000635);
#38=CYLINDRICAL_SURFACE('',#1432,0.000635);
#39=CYLINDRICAL_SURFACE('',#1433,0.000635);
#40=CYLINDRICAL_SURFACE('',#1434,0.000635);
#41=CYLINDRICAL_SURFACE('',#1435,0.000635);
#42=CYLINDRICAL_SURFACE('',#1436,0.000635);
#43=CYLINDRICAL_SURFACE('',#1437,0.000635);
#44=CYLINDRICAL_SURFACE('',#1438,0.000635);
#45=CYLINDRICAL_SURFACE('',#1439,0.000635);
#46=CYLINDRICAL_SURFACE('',#1440,0.000635);
#47=CYLINDRICAL_SURFACE('',#1441,0.000635);
#48=CYLINDRICAL_SURFACE('',#1442,0.000635);
#49=CYLINDRICAL_SURFACE('',#1443,0.000635);
#50=CYLINDRICAL_SURFACE('',#1444,0.000635);
#51=CYLINDRICAL_SURFACE('',#1445,0.000635);
#52=CYLINDRICAL_SURFACE('',#1446,0.000635);
#53=CYLINDRICAL_SURFACE('',#1447,0.000635);
#54=CIRCLE('',#1309,0.0007);
#55=CIRCLE('',#1310,0.0007);
#56=CIRCLE('',#1311,0.0007);
#57=CIRCLE('',#1312,0.0007);
#58=CIRCLE('',#1314,0.0007);
#59=CIRCLE('',#1315,0.0007);
#60=CIRCLE('',#1316,0.0007);
#61=CIRCLE('',#1317,0.0007);
#62=CIRCLE('',#1319,0.000635);
#63=CIRCLE('',#1320,0.000635);
#64=CIRCLE('',#1321,0.000635);
#65=CIRCLE('',#1322,0.000635);
#66=CIRCLE('',#1323,0.000635);
#67=CIRCLE('',#1324,0.000635);
#68=CIRCLE('',#1325,0.000635);
#69=CIRCLE('',#1326,0.000635);
#70=CIRCLE('',#1327,0.000635);
#71=CIRCLE('',#1328,0.000635);
#72=CIRCLE('',#1329,0.000635);
#73=CIRCLE('',#1330,0.000635);
#74=CIRCLE('',#1331,0.000635);
#75=CIRCLE('',#1332,0.000635);
#76=CIRCLE('',#1333,0.000635);
#77=CIRCLE('',#1334,0.000635);
#78=CIRCLE('',#1335,0.000635);
#79=CIRCLE('',#1338,0.000635);
#80=CIRCLE('',#1339,0.000635);
#81=CIRCLE('',#1340,0.000635);
#82=CIRCLE('',#1341,0.000635);
#83=CIRCLE('',#1342,0.000635);
#84=CIRCLE('',#1343,0.000635);
#85=CIRCLE('',#1344,0.000635);
#86=CIRCLE('',#1345,0.000635);
#87=CIRCLE('',#1346,0.000635);
#88=CIRCLE('',#1347,0.000635);
#89=CIRCLE('',#1348,0.000635);
#90=CIRCLE('',#1349,0.000635);
#91=CIRCLE('',#1350,0.000635);
#92=CIRCLE('',#1351,0.000635);
#93=CIRCLE('',#1352,0.000635);
#94=CIRCLE('',#1353,0.000635);
#95=CIRCLE('',#1354,0.000635);
#96=CIRCLE('',#1356,0.00127);
#97=CIRCLE('',#1357,0.00127);
#98=CIRCLE('',#1358,0.00127);
#99=CIRCLE('',#1359,0.00127);
#100=CIRCLE('',#1361,0.00127);
#101=CIRCLE('',#1362,0.00127);
#102=CIRCLE('',#1363,0.00127);
#103=CIRCLE('',#1364,0.00127);
#104=CIRCLE('',#1366,0.000635);
#105=CIRCLE('',#1367,0.000635);
#106=CIRCLE('',#1368,0.000635);
#107=CIRCLE('',#1369,0.000635);
#108=CIRCLE('',#1370,0.000635);
#109=CIRCLE('',#1371,0.000635);
#110=CIRCLE('',#1372,0.000635);
#111=CIRCLE('',#1373,0.000635);
#112=CIRCLE('',#1374,0.000635);
#113=CIRCLE('',#1375,0.000635);
#114=CIRCLE('',#1376,0.000635);
#115=CIRCLE('',#1377,0.000635);
#116=CIRCLE('',#1378,0.000635);
#117=CIRCLE('',#1379,0.000635);
#118=CIRCLE('',#1380,0.000635);
#119=CIRCLE('',#1381,0.000635);
#120=CIRCLE('',#1382,0.000635);
#121=CIRCLE('',#1384,0.000635);
#122=CIRCLE('',#1385,0.000635);
#123=CIRCLE('',#1386,0.000635);
#124=CIRCLE('',#1387,0.000635);
#125=CIRCLE('',#1388,0.000635);
#126=CIRCLE('',#1389,0.000635);
#127=CIRCLE('',#1390,0.000635);
#128=CIRCLE('',#1391,0.000635);
#129=CIRCLE('',#1392,0.000635);
#130=CIRCLE('',#1393,0.000635);
#131=CIRCLE('',#1394,0.000635);
#132=CIRCLE('',#1395,0.000635);
#133=CIRCLE('',#1396,0.000635);
#134=CIRCLE('',#1397,0.000635);
#135=CIRCLE('',#1398,0.000635);
#136=CIRCLE('',#1399,0.000635);
#137=CIRCLE('',#1400,0.000635);
#138=ORIENTED_EDGE('',*,*,#442,.T.);
#139=ORIENTED_EDGE('',*,*,#443,.T.);
#140=ORIENTED_EDGE('',*,*,#444,.T.);
#141=ORIENTED_EDGE('',*,*,#445,.T.);
#142=ORIENTED_EDGE('',*,*,#446,.T.);
#143=ORIENTED_EDGE('',*,*,#447,.T.);
#144=ORIENTED_EDGE('',*,*,#448,.T.);
#145=ORIENTED_EDGE('',*,*,#449,.T.);
#146=ORIENTED_EDGE('',*,*,#450,.T.);
#147=ORIENTED_EDGE('',*,*,#451,.F.);
#148=ORIENTED_EDGE('',*,*,#452,.F.);
#149=ORIENTED_EDGE('',*,*,#453,.T.);
#150=ORIENTED_EDGE('',*,*,#454,.T.);
#151=ORIENTED_EDGE('',*,*,#455,.F.);
#152=ORIENTED_EDGE('',*,*,#456,.F.);
#153=ORIENTED_EDGE('',*,*,#457,.T.);
#154=ORIENTED_EDGE('',*,*,#458,.F.);
#155=ORIENTED_EDGE('',*,*,#459,.T.);
#156=ORIENTED_EDGE('',*,*,#460,.F.);
#157=ORIENTED_EDGE('',*,*,#461,.T.);
#158=ORIENTED_EDGE('',*,*,#462,.T.);
#159=ORIENTED_EDGE('',*,*,#463,.T.);
#160=ORIENTED_EDGE('',*,*,#464,.T.);
#161=ORIENTED_EDGE('',*,*,#465,.T.);
#162=ORIENTED_EDGE('',*,*,#466,.F.);
#163=ORIENTED_EDGE('',*,*,#467,.T.);
#164=ORIENTED_EDGE('',*,*,#468,.F.);
#165=ORIENTED_EDGE('',*,*,#469,.F.);
#166=ORIENTED_EDGE('',*,*,#470,.F.);
#167=ORIENTED_EDGE('',*,*,#471,.F.);
#168=ORIENTED_EDGE('',*,*,#472,.F.);
#169=ORIENTED_EDGE('',*,*,#473,.T.);
#170=ORIENTED_EDGE('',*,*,#474,.T.);
#171=ORIENTED_EDGE('',*,*,#475,.T.);
#172=ORIENTED_EDGE('',*,*,#476,.F.);
#173=ORIENTED_EDGE('',*,*,#477,.T.);
#174=ORIENTED_EDGE('',*,*,#478,.F.);
#175=ORIENTED_EDGE('',*,*,#479,.F.);
#176=ORIENTED_EDGE('',*,*,#480,.F.);
#177=ORIENTED_EDGE('',*,*,#481,.F.);
#178=ORIENTED_EDGE('',*,*,#482,.F.);
#179=ORIENTED_EDGE('',*,*,#483,.F.);
#180=ORIENTED_EDGE('',*,*,#484,.F.);
#181=ORIENTED_EDGE('',*,*,#485,.F.);
#182=ORIENTED_EDGE('',*,*,#486,.F.);
#183=ORIENTED_EDGE('',*,*,#487,.F.);
#184=ORIENTED_EDGE('',*,*,#488,.F.);
#185=ORIENTED_EDGE('',*,*,#489,.F.);
#186=ORIENTED_EDGE('',*,*,#490,.F.);
#187=ORIENTED_EDGE('',*,*,#491,.F.);
#188=ORIENTED_EDGE('',*,*,#492,.F.);
#189=ORIENTED_EDGE('',*,*,#493,.F.);
#190=ORIENTED_EDGE('',*,*,#494,.F.);
#191=ORIENTED_EDGE('',*,*,#495,.F.);
#192=ORIENTED_EDGE('',*,*,#496,.T.);
#193=ORIENTED_EDGE('',*,*,#497,.T.);
#194=ORIENTED_EDGE('',*,*,#498,.T.);
#195=ORIENTED_EDGE('',*,*,#499,.F.);
#196=ORIENTED_EDGE('',*,*,#500,.T.);
#197=ORIENTED_EDGE('',*,*,#501,.T.);
#198=ORIENTED_EDGE('',*,*,#502,.T.);
#199=ORIENTED_EDGE('',*,*,#503,.F.);
#200=ORIENTED_EDGE('',*,*,#504,.F.);
#201=ORIENTED_EDGE('',*,*,#505,.F.);
#202=ORIENTED_EDGE('',*,*,#506,.F.);
#203=ORIENTED_EDGE('',*,*,#507,.F.);
#204=ORIENTED_EDGE('',*,*,#508,.F.);
#205=ORIENTED_EDGE('',*,*,#509,.F.);
#206=ORIENTED_EDGE('',*,*,#510,.F.);
#207=ORIENTED_EDGE('',*,*,#511,.F.);
#208=ORIENTED_EDGE('',*,*,#512,.F.);
#209=ORIENTED_EDGE('',*,*,#513,.F.);
#210=ORIENTED_EDGE('',*,*,#514,.F.);
#211=ORIENTED_EDGE('',*,*,#515,.F.);
#212=ORIENTED_EDGE('',*,*,#516,.F.);
#213=ORIENTED_EDGE('',*,*,#517,.F.);
#214=ORIENTED_EDGE('',*,*,#518,.F.);
#215=ORIENTED_EDGE('',*,*,#519,.F.);
#216=ORIENTED_EDGE('',*,*,#520,.F.);
#217=ORIENTED_EDGE('',*,*,#521,.T.);
#218=ORIENTED_EDGE('',*,*,#522,.T.);
#219=ORIENTED_EDGE('',*,*,#523,.T.);
#220=ORIENTED_EDGE('',*,*,#524,.T.);
#221=ORIENTED_EDGE('',*,*,#456,.T.);
#222=ORIENTED_EDGE('',*,*,#525,.T.);
#223=ORIENTED_EDGE('',*,*,#452,.T.);
#224=ORIENTED_EDGE('',*,*,#497,.F.);
#225=ORIENTED_EDGE('',*,*,#526,.T.);
#226=ORIENTED_EDGE('',*,*,#474,.F.);
#227=ORIENTED_EDGE('',*,*,#527,.T.);
#228=ORIENTED_EDGE('',*,*,#522,.F.);
#229=ORIENTED_EDGE('',*,*,#528,.T.);
#230=ORIENTED_EDGE('',*,*,#501,.F.);
#231=ORIENTED_EDGE('',*,*,#529,.T.);
#232=ORIENTED_EDGE('',*,*,#476,.T.);
#233=ORIENTED_EDGE('',*,*,#530,.T.);
#234=ORIENTED_EDGE('',*,*,#495,.T.);
#235=ORIENTED_EDGE('',*,*,#531,.T.);
#236=ORIENTED_EDGE('',*,*,#499,.T.);
#237=ORIENTED_EDGE('',*,*,#532,.T.);
#238=ORIENTED_EDGE('',*,*,#520,.T.);
#239=ORIENTED_EDGE('',*,*,#533,.T.);
#240=ORIENTED_EDGE('',*,*,#534,.T.);
#241=ORIENTED_EDGE('',*,*,#535,.T.);
#242=ORIENTED_EDGE('',*,*,#536,.T.);
#243=ORIENTED_EDGE('',*,*,#537,.T.);
#244=ORIENTED_EDGE('',*,*,#538,.T.);
#245=ORIENTED_EDGE('',*,*,#539,.T.);
#246=ORIENTED_EDGE('',*,*,#540,.T.);
#247=ORIENTED_EDGE('',*,*,#541,.T.);
#248=ORIENTED_EDGE('',*,*,#542,.T.);
#249=ORIENTED_EDGE('',*,*,#543,.T.);
#250=ORIENTED_EDGE('',*,*,#544,.T.);
#251=ORIENTED_EDGE('',*,*,#545,.T.);
#252=ORIENTED_EDGE('',*,*,#546,.T.);
#253=ORIENTED_EDGE('',*,*,#547,.T.);
#254=ORIENTED_EDGE('',*,*,#548,.T.);
#255=ORIENTED_EDGE('',*,*,#549,.T.);
#256=ORIENTED_EDGE('',*,*,#550,.T.);
#257=ORIENTED_EDGE('',*,*,#551,.T.);
#258=ORIENTED_EDGE('',*,*,#453,.F.);
#259=ORIENTED_EDGE('',*,*,#525,.F.);
#260=ORIENTED_EDGE('',*,*,#455,.T.);
#261=ORIENTED_EDGE('',*,*,#552,.T.);
#262=ORIENTED_EDGE('',*,*,#553,.T.);
#263=ORIENTED_EDGE('',*,*,#554,.T.);
#264=ORIENTED_EDGE('',*,*,#555,.T.);
#265=ORIENTED_EDGE('',*,*,#556,.T.);
#266=ORIENTED_EDGE('',*,*,#557,.T.);
#267=ORIENTED_EDGE('',*,*,#558,.T.);
#268=ORIENTED_EDGE('',*,*,#559,.T.);
#269=ORIENTED_EDGE('',*,*,#560,.T.);
#270=ORIENTED_EDGE('',*,*,#561,.T.);
#271=ORIENTED_EDGE('',*,*,#562,.T.);
#272=ORIENTED_EDGE('',*,*,#563,.T.);
#273=ORIENTED_EDGE('',*,*,#564,.T.);
#274=ORIENTED_EDGE('',*,*,#565,.T.);
#275=ORIENTED_EDGE('',*,*,#566,.T.);
#276=ORIENTED_EDGE('',*,*,#567,.T.);
#277=ORIENTED_EDGE('',*,*,#568,.T.);
#278=ORIENTED_EDGE('',*,*,#569,.T.);
#279=ORIENTED_EDGE('',*,*,#457,.F.);
#280=ORIENTED_EDGE('',*,*,#524,.F.);
#281=ORIENTED_EDGE('',*,*,#451,.T.);
#282=ORIENTED_EDGE('',*,*,#454,.F.);
#283=ORIENTED_EDGE('',*,*,#569,.F.);
#284=ORIENTED_EDGE('',*,*,#450,.F.);
#285=ORIENTED_EDGE('',*,*,#551,.F.);
#286=ORIENTED_EDGE('',*,*,#458,.T.);
#287=ORIENTED_EDGE('',*,*,#570,.T.);
#288=ORIENTED_EDGE('',*,*,#467,.F.);
#289=ORIENTED_EDGE('',*,*,#571,.F.);
#290=ORIENTED_EDGE('',*,*,#571,.T.);
#291=ORIENTED_EDGE('',*,*,#466,.T.);
#292=ORIENTED_EDGE('',*,*,#572,.F.);
#293=ORIENTED_EDGE('',*,*,#459,.F.);
#294=ORIENTED_EDGE('',*,*,#460,.T.);
#295=ORIENTED_EDGE('',*,*,#572,.T.);
#296=ORIENTED_EDGE('',*,*,#473,.F.);
#297=ORIENTED_EDGE('',*,*,#573,.F.);
#298=ORIENTED_EDGE('',*,*,#573,.T.);
#299=ORIENTED_EDGE('',*,*,#472,.T.);
#300=ORIENTED_EDGE('',*,*,#574,.F.);
#301=ORIENTED_EDGE('',*,*,#461,.F.);
#302=ORIENTED_EDGE('',*,*,#574,.T.);
#303=ORIENTED_EDGE('',*,*,#471,.T.);
#304=ORIENTED_EDGE('',*,*,#575,.F.);
#305=ORIENTED_EDGE('',*,*,#462,.F.);
#306=ORIENTED_EDGE('',*,*,#575,.T.);
#307=ORIENTED_EDGE('',*,*,#470,.T.);
#308=ORIENTED_EDGE('',*,*,#576,.F.);
#309=ORIENTED_EDGE('',*,*,#463,.F.);
#310=ORIENTED_EDGE('',*,*,#576,.T.);
#311=ORIENTED_EDGE('',*,*,#469,.T.);
#312=ORIENTED_EDGE('',*,*,#577,.F.);
#313=ORIENTED_EDGE('',*,*,#464,.F.);
#314=ORIENTED_EDGE('',*,*,#577,.T.);
#315=ORIENTED_EDGE('',*,*,#468,.T.);
#316=ORIENTED_EDGE('',*,*,#570,.F.);
#317=ORIENTED_EDGE('',*,*,#465,.F.);
#318=ORIENTED_EDGE('',*,*,#526,.F.);
#319=ORIENTED_EDGE('',*,*,#496,.F.);
#320=ORIENTED_EDGE('',*,*,#530,.F.);
#321=ORIENTED_EDGE('',*,*,#475,.F.);
#322=ORIENTED_EDGE('',*,*,#529,.F.);
#323=ORIENTED_EDGE('',*,*,#500,.F.);
#324=ORIENTED_EDGE('',*,*,#531,.F.);
#325=ORIENTED_EDGE('',*,*,#498,.F.);
#326=ORIENTED_EDGE('',*,*,#528,.F.);
#327=ORIENTED_EDGE('',*,*,#521,.F.);
#328=ORIENTED_EDGE('',*,*,#532,.F.);
#329=ORIENTED_EDGE('',*,*,#502,.F.);
#330=ORIENTED_EDGE('',*,*,#527,.F.);
#331=ORIENTED_EDGE('',*,*,#477,.F.);
#332=ORIENTED_EDGE('',*,*,#533,.F.);
#333=ORIENTED_EDGE('',*,*,#523,.F.);
#334=ORIENTED_EDGE('',*,*,#519,.T.);
#335=ORIENTED_EDGE('',*,*,#568,.F.);
#336=ORIENTED_EDGE('',*,*,#518,.T.);
#337=ORIENTED_EDGE('',*,*,#567,.F.);
#338=ORIENTED_EDGE('',*,*,#517,.T.);
#339=ORIENTED_EDGE('',*,*,#566,.F.);
#340=ORIENTED_EDGE('',*,*,#516,.T.);
#341=ORIENTED_EDGE('',*,*,#565,.F.);
#342=ORIENTED_EDGE('',*,*,#515,.T.);
#343=ORIENTED_EDGE('',*,*,#564,.F.);
#344=ORIENTED_EDGE('',*,*,#514,.T.);
#345=ORIENTED_EDGE('',*,*,#563,.F.);
#346=ORIENTED_EDGE('',*,*,#513,.T.);
#347=ORIENTED_EDGE('',*,*,#562,.F.);
#348=ORIENTED_EDGE('',*,*,#512,.T.);
#349=ORIENTED_EDGE('',*,*,#561,.F.);
#350=ORIENTED_EDGE('',*,*,#511,.T.);
#351=ORIENTED_EDGE('',*,*,#560,.F.);
#352=ORIENTED_EDGE('',*,*,#510,.T.);
#353=ORIENTED_EDGE('',*,*,#559,.F.);
#354=ORIENTED_EDGE('',*,*,#509,.T.);
#355=ORIENTED_EDGE('',*,*,#558,.F.);
#356=ORIENTED_EDGE('',*,*,#508,.T.);
#357=ORIENTED_EDGE('',*,*,#557,.F.);
#358=ORIENTED_EDGE('',*,*,#507,.T.);
#359=ORIENTED_EDGE('',*,*,#556,.F.);
#360=ORIENTED_EDGE('',*,*,#506,.T.);
#361=ORIENTED_EDGE('',*,*,#555,.F.);
#362=ORIENTED_EDGE('',*,*,#505,.T.);
#363=ORIENTED_EDGE('',*,*,#554,.F.);
#364=ORIENTED_EDGE('',*,*,#504,.T.);
#365=ORIENTED_EDGE('',*,*,#553,.F.);
#366=ORIENTED_EDGE('',*,*,#503,.T.);
#367=ORIENTED_EDGE('',*,*,#552,.F.);
#368=ORIENTED_EDGE('',*,*,#494,.T.);
#369=ORIENTED_EDGE('',*,*,#550,.F.);
#370=ORIENTED_EDGE('',*,*,#493,.T.);
#371=ORIENTED_EDGE('',*,*,#549,.F.);
#372=ORIENTED_EDGE('',*,*,#492,.T.);
#373=ORIENTED_EDGE('',*,*,#548,.F.);
#374=ORIENTED_EDGE('',*,*,#491,.T.);
#375=ORIENTED_EDGE('',*,*,#547,.F.);
#376=ORIENTED_EDGE('',*,*,#490,.T.);
#377=ORIENTED_EDGE('',*,*,#546,.F.);
#378=ORIENTED_EDGE('',*,*,#489,.T.);
#379=ORIENTED_EDGE('',*,*,#545,.F.);
#380=ORIENTED_EDGE('',*,*,#488,.T.);
#381=ORIENTED_EDGE('',*,*,#544,.F.);
#382=ORIENTED_EDGE('',*,*,#487,.T.);
#383=ORIENTED_EDGE('',*,*,#543,.F.);
#384=ORIENTED_EDGE('',*,*,#486,.T.);
#385=ORIENTED_EDGE('',*,*,#542,.F.);
#386=ORIENTED_EDGE('',*,*,#485,.T.);
#387=ORIENTED_EDGE('',*,*,#541,.F.);
#388=ORIENTED_EDGE('',*,*,#484,.T.);
#389=ORIENTED_EDGE('',*,*,#540,.F.);
#390=ORIENTED_EDGE('',*,*,#483,.T.);
#391=ORIENTED_EDGE('',*,*,#539,.F.);
#392=ORIENTED_EDGE('',*,*,#482,.T.);
#393=ORIENTED_EDGE('',*,*,#538,.F.);
#394=ORIENTED_EDGE('',*,*,#481,.T.);
#395=ORIENTED_EDGE('',*,*,#537,.F.);
#396=ORIENTED_EDGE('',*,*,#480,.T.);
#397=ORIENTED_EDGE('',*,*,#536,.F.);
#398=ORIENTED_EDGE('',*,*,#479,.T.);
#399=ORIENTED_EDGE('',*,*,#535,.F.);
#400=ORIENTED_EDGE('',*,*,#478,.T.);
#401=ORIENTED_EDGE('',*,*,#534,.F.);
#402=ORIENTED_EDGE('',*,*,#578,.T.);
#403=ORIENTED_EDGE('',*,*,#579,.T.);
#404=ORIENTED_EDGE('',*,*,#580,.F.);
#405=ORIENTED_EDGE('',*,*,#581,.F.);
#406=ORIENTED_EDGE('',*,*,#582,.T.);
#407=ORIENTED_EDGE('',*,*,#583,.T.);
#408=ORIENTED_EDGE('',*,*,#584,.F.);
#409=ORIENTED_EDGE('',*,*,#585,.F.);
#410=ORIENTED_EDGE('',*,*,#586,.F.);
#411=ORIENTED_EDGE('',*,*,#445,.F.);
#412=ORIENTED_EDGE('',*,*,#587,.F.);
#413=ORIENTED_EDGE('',*,*,#581,.T.);
#414=ORIENTED_EDGE('',*,*,#587,.T.);
#415=ORIENTED_EDGE('',*,*,#444,.F.);
#416=ORIENTED_EDGE('',*,*,#588,.F.);
#417=ORIENTED_EDGE('',*,*,#578,.F.);
#418=ORIENTED_EDGE('',*,*,#586,.T.);
#419=ORIENTED_EDGE('',*,*,#580,.T.);
#420=ORIENTED_EDGE('',*,*,#589,.F.);
#421=ORIENTED_EDGE('',*,*,#442,.F.);
#422=ORIENTED_EDGE('',*,*,#588,.T.);
#423=ORIENTED_EDGE('',*,*,#443,.F.);
#424=ORIENTED_EDGE('',*,*,#589,.T.);
#425=ORIENTED_EDGE('',*,*,#579,.F.);
#426=ORIENTED_EDGE('',*,*,#590,.F.);
#427=ORIENTED_EDGE('',*,*,#449,.F.);
#428=ORIENTED_EDGE('',*,*,#591,.F.);
#429=ORIENTED_EDGE('',*,*,#585,.T.);
#430=ORIENTED_EDGE('',*,*,#591,.T.);
#431=ORIENTED_EDGE('',*,*,#448,.F.);
#432=ORIENTED_EDGE('',*,*,#592,.F.);
#433=ORIENTED_EDGE('',*,*,#582,.F.);
#434=ORIENTED_EDGE('',*,*,#590,.T.);
#435=ORIENTED_EDGE('',*,*,#584,.T.);
#436=ORIENTED_EDGE('',*,*,#593,.F.);
#437=ORIENTED_EDGE('',*,*,#446,.F.);
#438=ORIENTED_EDGE('',*,*,#592,.T.);
#439=ORIENTED_EDGE('',*,*,#447,.F.);
#440=ORIENTED_EDGE('',*,*,#593,.T.);
#441=ORIENTED_EDGE('',*,*,#583,.F.);
#442=EDGE_CURVE('',#594,#595,#718,.T.);
#443=EDGE_CURVE('',#595,#596,#719,.T.);
#444=EDGE_CURVE('',#596,#597,#720,.T.);
#445=EDGE_CURVE('',#597,#594,#721,.T.);
#446=EDGE_CURVE('',#598,#599,#722,.T.);
#447=EDGE_CURVE('',#599,#600,#723,.T.);
#448=EDGE_CURVE('',#600,#601,#724,.T.);
#449=EDGE_CURVE('',#601,#598,#725,.T.);
#450=EDGE_CURVE('',#602,#603,#726,.T.);
#451=EDGE_CURVE('',#604,#603,#727,.T.);
#452=EDGE_CURVE('',#605,#604,#728,.T.);
#453=EDGE_CURVE('',#605,#602,#729,.T.);
#454=EDGE_CURVE('',#606,#607,#730,.T.);
#455=EDGE_CURVE('',#608,#607,#731,.T.);
#456=EDGE_CURVE('',#609,#608,#732,.T.);
#457=EDGE_CURVE('',#609,#606,#733,.T.);
#458=EDGE_CURVE('',#610,#611,#734,.T.);
#459=EDGE_CURVE('',#610,#612,#54,.T.);
#460=EDGE_CURVE('',#613,#612,#735,.T.);
#461=EDGE_CURVE('',#613,#614,#55,.T.);
#462=EDGE_CURVE('',#614,#615,#736,.T.);
#463=EDGE_CURVE('',#615,#616,#56,.T.);
#464=EDGE_CURVE('',#616,#617,#737,.T.);
#465=EDGE_CURVE('',#617,#611,#57,.T.);
#466=EDGE_CURVE('',#618,#619,#58,.T.);
#467=EDGE_CURVE('',#618,#620,#738,.T.);
#468=EDGE_CURVE('',#621,#620,#59,.T.);
#469=EDGE_CURVE('',#622,#621,#739,.T.);
#470=EDGE_CURVE('',#623,#622,#60,.T.);
#471=EDGE_CURVE('',#624,#623,#740,.T.);
#472=EDGE_CURVE('',#625,#624,#61,.T.);
#473=EDGE_CURVE('',#625,#619,#741,.T.);
#474=EDGE_CURVE('',#626,#627,#742,.T.);
#475=EDGE_CURVE('',#627,#628,#743,.T.);
#476=EDGE_CURVE('',#629,#628,#744,.T.);
#477=EDGE_CURVE('',#629,#626,#745,.F.);
#478=EDGE_CURVE('',#630,#630,#62,.T.);
#479=EDGE_CURVE('',#631,#631,#63,.T.);
#480=EDGE_CURVE('',#632,#632,#64,.T.);
#481=EDGE_CURVE('',#633,#633,#65,.T.);
#482=EDGE_CURVE('',#634,#634,#66,.T.);
#483=EDGE_CURVE('',#635,#635,#67,.T.);
#484=EDGE_CURVE('',#636,#636,#68,.T.);
#485=EDGE_CURVE('',#637,#637,#69,.T.);
#486=EDGE_CURVE('',#638,#638,#70,.T.);
#487=EDGE_CURVE('',#639,#639,#71,.T.);
#488=EDGE_CURVE('',#640,#640,#72,.T.);
#489=EDGE_CURVE('',#641,#641,#73,.T.);
#490=EDGE_CURVE('',#642,#642,#74,.T.);
#491=EDGE_CURVE('',#643,#643,#75,.T.);
#492=EDGE_CURVE('',#644,#644,#76,.T.);
#493=EDGE_CURVE('',#645,#645,#77,.T.);
#494=EDGE_CURVE('',#646,#646,#78,.T.);
#495=EDGE_CURVE('',#647,#648,#746,.T.);
#496=EDGE_CURVE('',#647,#649,#747,.F.);
#497=EDGE_CURVE('',#649,#650,#748,.T.);
#498=EDGE_CURVE('',#650,#648,#749,.T.);
#499=EDGE_CURVE('',#651,#652,#750,.T.);
#500=EDGE_CURVE('',#651,#653,#751,.F.);
#501=EDGE_CURVE('',#653,#654,#752,.T.);
#502=EDGE_CURVE('',#654,#652,#753,.T.);
#503=EDGE_CURVE('',#655,#655,#79,.T.);
#504=EDGE_CURVE('',#656,#656,#80,.T.);
#505=EDGE_CURVE('',#657,#657,#81,.T.);
#506=EDGE_CURVE('',#658,#658,#82,.T.);
#507=EDGE_CURVE('',#659,#659,#83,.T.);
#508=EDGE_CURVE('',#660,#660,#84,.T.);
#509=EDGE_CURVE('',#661,#661,#85,.T.);
#510=EDGE_CURVE('',#662,#662,#86,.T.);
#511=EDGE_CURVE('',#663,#663,#87,.T.);
#512=EDGE_CURVE('',#664,#664,#88,.T.);
#513=EDGE_CURVE('',#665,#665,#89,.T.);
#514=EDGE_CURVE('',#666,#666,#90,.T.);
#515=EDGE_CURVE('',#667,#667,#91,.T.);
#516=EDGE_CURVE('',#668,#668,#92,.T.);
#517=EDGE_CURVE('',#669,#669,#93,.T.);
#518=EDGE_CURVE('',#670,#670,#94,.T.);
#519=EDGE_CURVE('',#671,#671,#95,.T.);
#520=EDGE_CURVE('',#672,#673,#754,.T.);
#521=EDGE_CURVE('',#672,#674,#755,.F.);
#522=EDGE_CURVE('',#674,#675,#756,.T.);
#523=EDGE_CURVE('',#675,#673,#757,.T.);
#524=EDGE_CURVE('',#604,#609,#758,.T.);
#525=EDGE_CURVE('',#608,#605,#759,.T.);
#526=EDGE_CURVE('',#649,#627,#96,.F.);
#527=EDGE_CURVE('',#626,#675,#97,.F.);
#528=EDGE_CURVE('',#674,#654,#98,.F.);
#529=EDGE_CURVE('',#653,#650,#99,.F.);
#530=EDGE_CURVE('',#628,#647,#100,.T.);
#531=EDGE_CURVE('',#648,#651,#101,.T.);
#532=EDGE_CURVE('',#652,#672,#102,.T.);
#533=EDGE_CURVE('',#673,#629,#103,.T.);
#534=EDGE_CURVE('',#676,#676,#104,.T.);
#535=EDGE_CURVE('',#677,#677,#105,.T.);
#536=EDGE_CURVE('',#678,#678,#106,.T.);
#537=EDGE_CURVE('',#679,#679,#107,.T.);
#538=EDGE_CURVE('',#680,#680,#108,.T.);
#539=EDGE_CURVE('',#681,#681,#109,.T.);
#540=EDGE_CURVE('',#682,#682,#110,.T.);
#541=EDGE_CURVE('',#683,#683,#111,.T.);
#542=EDGE_CURVE('',#684,#684,#112,.T.);
#543=EDGE_CURVE('',#685,#685,#113,.T.);
#544=EDGE_CURVE('',#686,#686,#114,.T.);
#545=EDGE_CURVE('',#687,#687,#115,.T.);
#546=EDGE_CURVE('',#688,#688,#116,.T.);
#547=EDGE_CURVE('',#689,#689,#117,.T.);
#548=EDGE_CURVE('',#690,#690,#118,.T.);
#549=EDGE_CURVE('',#691,#691,#119,.T.);
#550=EDGE_CURVE('',#692,#692,#120,.T.);
#551=EDGE_CURVE('',#607,#602,#760,.T.);
#552=EDGE_CURVE('',#693,#693,#121,.T.);
#553=EDGE_CURVE('',#694,#694,#122,.T.);
#554=EDGE_CURVE('',#695,#695,#123,.T.);
#555=EDGE_CURVE('',#696,#696,#124,.T.);
#556=EDGE_CURVE('',#697,#697,#125,.T.);
#557=EDGE_CURVE('',#698,#698,#126,.T.);
#558=EDGE_CURVE('',#699,#699,#127,.T.);
#559=EDGE_CURVE('',#700,#700,#128,.T.);
#560=EDGE_CURVE('',#701,#701,#129,.T.);
#561=EDGE_CURVE('',#702,#702,#130,.T.);
#562=EDGE_CURVE('',#703,#703,#131,.T.);
#563=EDGE_CURVE('',#704,#704,#132,.T.);
#564=EDGE_CURVE('',#705,#705,#133,.T.);
#565=EDGE_CURVE('',#706,#706,#134,.T.);
#566=EDGE_CURVE('',#707,#707,#135,.T.);
#567=EDGE_CURVE('',#708,#708,#136,.T.);
#568=EDGE_CURVE('',#709,#709,#137,.T.);
#569=EDGE_CURVE('',#603,#606,#761,.T.);
#570=EDGE_CURVE('',#611,#620,#762,.T.);
#571=EDGE_CURVE('',#610,#618,#763,.T.);
#572=EDGE_CURVE('',#612,#619,#764,.T.);
#573=EDGE_CURVE('',#613,#625,#765,.T.);
#574=EDGE_CURVE('',#614,#624,#766,.T.);
#575=EDGE_CURVE('',#615,#623,#767,.T.);
#576=EDGE_CURVE('',#616,#622,#768,.T.);
#577=EDGE_CURVE('',#617,#621,#769,.T.);
#578=EDGE_CURVE('',#710,#711,#770,.T.);
#579=EDGE_CURVE('',#711,#712,#771,.T.);
#580=EDGE_CURVE('',#713,#712,#772,.T.);
#581=EDGE_CURVE('',#710,#713,#773,.T.);
#582=EDGE_CURVE('',#714,#715,#774,.T.);
#583=EDGE_CURVE('',#715,#716,#775,.T.);
#584=EDGE_CURVE('',#717,#716,#776,.T.);
#585=EDGE_CURVE('',#714,#717,#777,.T.);
#586=EDGE_CURVE('',#594,#713,#778,.F.);
#587=EDGE_CURVE('',#710,#597,#779,.F.);
#588=EDGE_CURVE('',#711,#596,#780,.F.);
#589=EDGE_CURVE('',#595,#712,#781,.T.);
#590=EDGE_CURVE('',#598,#717,#782,.T.);
#591=EDGE_CURVE('',#714,#601,#783,.T.);
#592=EDGE_CURVE('',#715,#600,#784,.F.);
#593=EDGE_CURVE('',#599,#716,#785,.T.);
#594=VERTEX_POINT('',#1833);
#595=VERTEX_POINT('',#1834);
#596=VERTEX_POINT('',#1836);
#597=VERTEX_POINT('',#1838);
#598=VERTEX_POINT('',#1841);
#599=VERTEX_POINT('',#1842);
#600=VERTEX_POINT('',#1844);
#601=VERTEX_POINT('',#1846);
#602=VERTEX_POINT('',#1849);
#603=VERTEX_POINT('',#1850);
#604=VERTEX_POINT('',#1852);
#605=VERTEX_POINT('',#1854);
#606=VERTEX_POINT('',#1858);
#607=VERTEX_POINT('',#1859);
#608=VERTEX_POINT('',#1861);
#609=VERTEX_POINT('',#1863);
#610=VERTEX_POINT('',#1866);
#611=VERTEX_POINT('',#1867);
#612=VERTEX_POINT('',#1869);
#613=VERTEX_POINT('',#1871);
#614=VERTEX_POINT('',#1873);
#615=VERTEX_POINT('',#1875);
#616=VERTEX_POINT('',#1877);
#617=VERTEX_POINT('',#1879);
#618=VERTEX_POINT('',#1883);
#619=VERTEX_POINT('',#1884);
#620=VERTEX_POINT('',#1886);
#621=VERTEX_POINT('',#1888);
#622=VERTEX_POINT('',#1890);
#623=VERTEX_POINT('',#1892);
#624=VERTEX_POINT('',#1894);
#625=VERTEX_POINT('',#1896);
#626=VERTEX_POINT('',#1899);
#627=VERTEX_POINT('',#1900);
#628=VERTEX_POINT('',#1902);
#629=VERTEX_POINT('',#1904);
#630=VERTEX_POINT('',#1908);
#631=VERTEX_POINT('',#1910);
#632=VERTEX_POINT('',#1912);
#633=VERTEX_POINT('',#1914);
#634=VERTEX_POINT('',#1916);
#635=VERTEX_POINT('',#1918);
#636=VERTEX_POINT('',#1920);
#637=VERTEX_POINT('',#1922);
#638=VERTEX_POINT('',#1924);
#639=VERTEX_POINT('',#1926);
#640=VERTEX_POINT('',#1928);
#641=VERTEX_POINT('',#1930);
#642=VERTEX_POINT('',#1932);
#643=VERTEX_POINT('',#1934);
#644=VERTEX_POINT('',#1936);
#645=VERTEX_POINT('',#1938);
#646=VERTEX_POINT('',#1940);
#647=VERTEX_POINT('',#1942);
#648=VERTEX_POINT('',#1943);
#649=VERTEX_POINT('',#1945);
#650=VERTEX_POINT('',#1947);
#651=VERTEX_POINT('',#1951);
#652=VERTEX_POINT('',#1952);
#653=VERTEX_POINT('',#1954);
#654=VERTEX_POINT('',#1956);
#655=VERTEX_POINT('',#1960);
#656=VERTEX_POINT('',#1962);
#657=VERTEX_POINT('',#1964);
#658=VERTEX_POINT('',#1966);
#659=VERTEX_POINT('',#1968);
#660=VERTEX_POINT('',#1970);
#661=VERTEX_POINT('',#1972);
#662=VERTEX_POINT('',#1974);
#663=VERTEX_POINT('',#1976);
#664=VERTEX_POINT('',#1978);
#665=VERTEX_POINT('',#1980);
#666=VERTEX_POINT('',#1982);
#667=VERTEX_POINT('',#1984);
#668=VERTEX_POINT('',#1986);
#669=VERTEX_POINT('',#1988);
#670=VERTEX_POINT('',#1990);
#671=VERTEX_POINT('',#1992);
#672=VERTEX_POINT('',#1994);
#673=VERTEX_POINT('',#1995);
#674=VERTEX_POINT('',#1997);
#675=VERTEX_POINT('',#1999);
#676=VERTEX_POINT('',#2015);
#677=VERTEX_POINT('',#2017);
#678=VERTEX_POINT('',#2019);
#679=VERTEX_POINT('',#2021);
#680=VERTEX_POINT('',#2023);
#681=VERTEX_POINT('',#2025);
#682=VERTEX_POINT('',#2027);
#683=VERTEX_POINT('',#2029);
#684=VERTEX_POINT('',#2031);
#685=VERTEX_POINT('',#2033);
#686=VERTEX_POINT('',#2035);
#687=VERTEX_POINT('',#2037);
#688=VERTEX_POINT('',#2039);
#689=VERTEX_POINT('',#2041);
#690=VERTEX_POINT('',#2043);
#691=VERTEX_POINT('',#2045);
#692=VERTEX_POINT('',#2047);
#693=VERTEX_POINT('',#2051);
#694=VERTEX_POINT('',#2053);
#695=VERTEX_POINT('',#2055);
#696=VERTEX_POINT('',#2057);
#697=VERTEX_POINT('',#2059);
#698=VERTEX_POINT('',#2061);
#699=VERTEX_POINT('',#2063);
#700=VERTEX_POINT('',#2065);
#701=VERTEX_POINT('',#2067);
#702=VERTEX_POINT('',#2069);
#703=VERTEX_POINT('',#2071);
#704=VERTEX_POINT('',#2073);
#705=VERTEX_POINT('',#2075);
#706=VERTEX_POINT('',#2077);
#707=VERTEX_POINT('',#2079);
#708=VERTEX_POINT('',#2081);
#709=VERTEX_POINT('',#2083);
#710=VERTEX_POINT('',#2142);
#711=VERTEX_POINT('',#2143);
#712=VERTEX_POINT('',#2145);
#713=VERTEX_POINT('',#2147);
#714=VERTEX_POINT('',#2151);
#715=VERTEX_POINT('',#2152);
#716=VERTEX_POINT('',#2154);
#717=VERTEX_POINT('',#2156);
#718=LINE('',#1832,#786);
#719=LINE('',#1835,#787);
#720=LINE('',#1837,#788);
#721=LINE('',#1839,#789);
#722=LINE('',#1840,#790);
#723=LINE('',#1843,#791);
#724=LINE('',#1845,#792);
#725=LINE('',#1847,#793);
#726=LINE('',#1848,#794);
#727=LINE('',#1851,#795);
#728=LINE('',#1853,#796);
#729=LINE('',#1855,#797);
#730=LINE('',#1857,#798);
#731=LINE('',#1860,#799);
#732=LINE('',#1862,#800);
#733=LINE('',#1864,#801);
#734=LINE('',#1865,#802);
#735=LINE('',#1870,#803);
#736=LINE('',#1874,#804);
#737=LINE('',#1878,#805);
#738=LINE('',#1885,#806);
#739=LINE('',#1889,#807);
#740=LINE('',#1893,#808);
#741=LINE('',#1897,#809);
#742=LINE('',#1898,#810);
#743=LINE('',#1901,#811);
#744=LINE('',#1903,#812);
#745=LINE('',#1905,#813);
#746=LINE('',#1941,#814);
#747=LINE('',#1944,#815);
#748=LINE('',#1946,#816);
#749=LINE('',#1948,#817);
#750=LINE('',#1950,#818);
#751=LINE('',#1953,#819);
#752=LINE('',#1955,#820);
#753=LINE('',#1957,#821);
#754=LINE('',#1993,#822);
#755=LINE('',#1996,#823);
#756=LINE('',#1998,#824);
#757=LINE('',#2000,#825);
#758=LINE('',#2002,#826);
#759=LINE('',#2003,#827);
#760=LINE('',#2048,#828);
#761=LINE('',#2084,#829);
#762=LINE('',#2087,#830);
#763=LINE('',#2088,#831);
#764=LINE('',#2090,#832);
#765=LINE('',#2092,#833);
#766=LINE('',#2094,#834);
#767=LINE('',#2096,#835);
#768=LINE('',#2098,#836);
#769=LINE('',#2100,#837);
#770=LINE('',#2141,#838);
#771=LINE('',#2144,#839);
#772=LINE('',#2146,#840);
#773=LINE('',#2148,#841);
#774=LINE('',#2150,#842);
#775=LINE('',#2153,#843);
#776=LINE('',#2155,#844);
#777=LINE('',#2157,#845);
#778=LINE('',#2159,#846);
#779=LINE('',#2160,#847);
#780=LINE('',#2162,#848);
#781=LINE('',#2164,#849);
#782=LINE('',#2167,#850);
#783=LINE('',#2168,#851);
#784=LINE('',#2170,#852);
#785=LINE('',#2172,#853);
#786=VECTOR('',#1462,1.);
#787=VECTOR('',#1463,1.);
#788=VECTOR('',#1464,1.);
#789=VECTOR('',#1465,1.);
#790=VECTOR('',#1466,1.);
#791=VECTOR('',#1467,1.);
#792=VECTOR('',#1468,1.);
#793=VECTOR('',#1469,1.);
#794=VECTOR('',#1470,1.);
#795=VECTOR('',#1471,1.);
#796=VECTOR('',#1472,1.);
#797=VECTOR('',#1473,1.);
#798=VECTOR('',#1476,1.);
#799=VECTOR('',#1477,1.);
#800=VECTOR('',#1478,1.);
#801=VECTOR('',#1479,1.);
#802=VECTOR('',#1480,1.);
#803=VECTOR('',#1483,1.);
#804=VECTOR('',#1486,1.);
#805=VECTOR('',#1489,1.);
#806=VECTOR('',#1496,1.);
#807=VECTOR('',#1499,1.);
#808=VECTOR('',#1502,1.);
#809=VECTOR('',#1505,1.);
#810=VECTOR('',#1506,1.);
#811=VECTOR('',#1507,1.);
#812=VECTOR('',#1508,1.);
#813=VECTOR('',#1509,1.);
#814=VECTOR('',#1546,1.);
#815=VECTOR('',#1547,1.);
#816=VECTOR('',#1548,1.);
#817=VECTOR('',#1549,1.);
#818=VECTOR('',#1552,1.);
#819=VECTOR('',#1553,1.);
#820=VECTOR('',#1554,1.);
#821=VECTOR('',#1555,1.);
#822=VECTOR('',#1592,1.);
#823=VECTOR('',#1593,1.);
#824=VECTOR('',#1594,1.);
#825=VECTOR('',#1595,1.);
#826=VECTOR('',#1598,1.);
#827=VECTOR('',#1599,1.);
#828=VECTOR('',#1654,1.);
#829=VECTOR('',#1691,1.);
#830=VECTOR('',#1696,1.);
#831=VECTOR('',#1697,1.);
#832=VECTOR('',#1700,1.);
#833=VECTOR('',#1703,1.);
#834=VECTOR('',#1706,1.);
#835=VECTOR('',#1709,1.);
#836=VECTOR('',#1712,1.);
#837=VECTOR('',#1715,1.);
#838=VECTOR('',#1796,1.);
#839=VECTOR('',#1797,1.);
#840=VECTOR('',#1798,1.);
#841=VECTOR('',#1799,1.);
#842=VECTOR('',#1802,1.);
#843=VECTOR('',#1803,1.);
#844=VECTOR('',#1804,1.);
#845=VECTOR('',#1805,1.);
#846=VECTOR('',#1808,1.);
#847=VECTOR('',#1809,1.);
#848=VECTOR('',#1812,1.);
#849=VECTOR('',#1815,1.);
#850=VECTOR('',#1820,1.);
#851=VECTOR('',#1821,1.);
#852=VECTOR('',#1824,1.);
#853=VECTOR('',#1827,1.);
#854=EDGE_LOOP('',(#138,#139,#140,#141));
#855=EDGE_LOOP('',(#142,#143,#144,#145));
#856=EDGE_LOOP('',(#146,#147,#148,#149));
#857=EDGE_LOOP('',(#150,#151,#152,#153));
#858=EDGE_LOOP('',(#154,#155,#156,#157,#158,#159,#160,#161));
#859=EDGE_LOOP('',(#162,#163,#164,#165,#166,#167,#168,#169));
#860=EDGE_LOOP('',(#170,#171,#172,#173));
#861=EDGE_LOOP('',(#174));
#862=EDGE_LOOP('',(#175));
#863=EDGE_LOOP('',(#176));
#864=EDGE_LOOP('',(#177));
#865=EDGE_LOOP('',(#178));
#866=EDGE_LOOP('',(#179));
#867=EDGE_LOOP('',(#180));
#868=EDGE_LOOP('',(#181));
#869=EDGE_LOOP('',(#182));
#870=EDGE_LOOP('',(#183));
#871=EDGE_LOOP('',(#184));
#872=EDGE_LOOP('',(#185));
#873=EDGE_LOOP('',(#186));
#874=EDGE_LOOP('',(#187));
#875=EDGE_LOOP('',(#188));
#876=EDGE_LOOP('',(#189));
#877=EDGE_LOOP('',(#190));
#878=EDGE_LOOP('',(#191,#192,#193,#194));
#879=EDGE_LOOP('',(#195,#196,#197,#198));
#880=EDGE_LOOP('',(#199));
#881=EDGE_LOOP('',(#200));
#882=EDGE_LOOP('',(#201));
#883=EDGE_LOOP('',(#202));
#884=EDGE_LOOP('',(#203));
#885=EDGE_LOOP('',(#204));
#886=EDGE_LOOP('',(#205));
#887=EDGE_LOOP('',(#206));
#888=EDGE_LOOP('',(#207));
#889=EDGE_LOOP('',(#208));
#890=EDGE_LOOP('',(#209));
#891=EDGE_LOOP('',(#210));
#892=EDGE_LOOP('',(#211));
#893=EDGE_LOOP('',(#212));
#894=EDGE_LOOP('',(#213));
#895=EDGE_LOOP('',(#214));
#896=EDGE_LOOP('',(#215));
#897=EDGE_LOOP('',(#216,#217,#218,#219));
#898=EDGE_LOOP('',(#220,#221,#222,#223));
#899=EDGE_LOOP('',(#224,#225,#226,#227,#228,#229,#230,#231));
#900=EDGE_LOOP('',(#232,#233,#234,#235,#236,#237,#238,#239));
#901=EDGE_LOOP('',(#240));
#902=EDGE_LOOP('',(#241));
#903=EDGE_LOOP('',(#242));
#904=EDGE_LOOP('',(#243));
#905=EDGE_LOOP('',(#244));
#906=EDGE_LOOP('',(#245));
#907=EDGE_LOOP('',(#246));
#908=EDGE_LOOP('',(#247));
#909=EDGE_LOOP('',(#248));
#910=EDGE_LOOP('',(#249));
#911=EDGE_LOOP('',(#250));
#912=EDGE_LOOP('',(#251));
#913=EDGE_LOOP('',(#252));
#914=EDGE_LOOP('',(#253));
#915=EDGE_LOOP('',(#254));
#916=EDGE_LOOP('',(#255));
#917=EDGE_LOOP('',(#256));
#918=EDGE_LOOP('',(#257,#258,#259,#260));
#919=EDGE_LOOP('',(#261));
#920=EDGE_LOOP('',(#262));
#921=EDGE_LOOP('',(#263));
#922=EDGE_LOOP('',(#264));
#923=EDGE_LOOP('',(#265));
#924=EDGE_LOOP('',(#266));
#925=EDGE_LOOP('',(#267));
#926=EDGE_LOOP('',(#268));
#927=EDGE_LOOP('',(#269));
#928=EDGE_LOOP('',(#270));
#929=EDGE_LOOP('',(#271));
#930=EDGE_LOOP('',(#272));
#931=EDGE_LOOP('',(#273));
#932=EDGE_LOOP('',(#274));
#933=EDGE_LOOP('',(#275));
#934=EDGE_LOOP('',(#276));
#935=EDGE_LOOP('',(#277));
#936=EDGE_LOOP('',(#278,#279,#280,#281));
#937=EDGE_LOOP('',(#282,#283,#284,#285));
#938=EDGE_LOOP('',(#286,#287,#288,#289));
#939=EDGE_LOOP('',(#290,#291,#292,#293));
#940=EDGE_LOOP('',(#294,#295,#296,#297));
#941=EDGE_LOOP('',(#298,#299,#300,#301));
#942=EDGE_LOOP('',(#302,#303,#304,#305));
#943=EDGE_LOOP('',(#306,#307,#308,#309));
#944=EDGE_LOOP('',(#310,#311,#312,#313));
#945=EDGE_LOOP('',(#314,#315,#316,#317));
#946=EDGE_LOOP('',(#318,#319,#320,#321));
#947=EDGE_LOOP('',(#322,#323,#324,#325));
#948=EDGE_LOOP('',(#326,#327,#328,#329));
#949=EDGE_LOOP('',(#330,#331,#332,#333));
#950=EDGE_LOOP('',(#334));
#951=EDGE_LOOP('',(#335));
#952=EDGE_LOOP('',(#336));
#953=EDGE_LOOP('',(#337));
#954=EDGE_LOOP('',(#338));
#955=EDGE_LOOP('',(#339));
#956=EDGE_LOOP('',(#340));
#957=EDGE_LOOP('',(#341));
#958=EDGE_LOOP('',(#342));
#959=EDGE_LOOP('',(#343));
#960=EDGE_LOOP('',(#344));
#961=EDGE_LOOP('',(#345));
#962=EDGE_LOOP('',(#346));
#963=EDGE_LOOP('',(#347));
#964=EDGE_LOOP('',(#348));
#965=EDGE_LOOP('',(#349));
#966=EDGE_LOOP('',(#350));
#967=EDGE_LOOP('',(#351));
#968=EDGE_LOOP('',(#352));
#969=EDGE_LOOP('',(#353));
#970=EDGE_LOOP('',(#354));
#971=EDGE_LOOP('',(#355));
#972=EDGE_LOOP('',(#356));
#973=EDGE_LOOP('',(#357));
#974=EDGE_LOOP('',(#358));
#975=EDGE_LOOP('',(#359));
#976=EDGE_LOOP('',(#360));
#977=EDGE_LOOP('',(#361));
#978=EDGE_LOOP('',(#362));
#979=EDGE_LOOP('',(#363));
#980=EDGE_LOOP('',(#364));
#981=EDGE_LOOP('',(#365));
#982=EDGE_LOOP('',(#366));
#983=EDGE_LOOP('',(#367));
#984=EDGE_LOOP('',(#368));
#985=EDGE_LOOP('',(#369));
#986=EDGE_LOOP('',(#370));
#987=EDGE_LOOP('',(#371));
#988=EDGE_LOOP('',(#372));
#989=EDGE_LOOP('',(#373));
#990=EDGE_LOOP('',(#374));
#991=EDGE_LOOP('',(#375));
#992=EDGE_LOOP('',(#376));
#993=EDGE_LOOP('',(#377));
#994=EDGE_LOOP('',(#378));
#995=EDGE_LOOP('',(#379));
#996=EDGE_LOOP('',(#380));
#997=EDGE_LOOP('',(#381));
#998=EDGE_LOOP('',(#382));
#999=EDGE_LOOP('',(#383));
#1000=EDGE_LOOP('',(#384));
#1001=EDGE_LOOP('',(#385));
#1002=EDGE_LOOP('',(#386));
#1003=EDGE_LOOP('',(#387));
#1004=EDGE_LOOP('',(#388));
#1005=EDGE_LOOP('',(#389));
#1006=EDGE_LOOP('',(#390));
#1007=EDGE_LOOP('',(#391));
#1008=EDGE_LOOP('',(#392));
#1009=EDGE_LOOP('',(#393));
#1010=EDGE_LOOP('',(#394));
#1011=EDGE_LOOP('',(#395));
#1012=EDGE_LOOP('',(#396));
#1013=EDGE_LOOP('',(#397));
#1014=EDGE_LOOP('',(#398));
#1015=EDGE_LOOP('',(#399));
#1016=EDGE_LOOP('',(#400));
#1017=EDGE_LOOP('',(#401));
#1018=EDGE_LOOP('',(#402,#403,#404,#405));
#1019=EDGE_LOOP('',(#406,#407,#408,#409));
#1020=EDGE_LOOP('',(#410,#411,#412,#413));
#1021=EDGE_LOOP('',(#414,#415,#416,#417));
#1022=EDGE_LOOP('',(#418,#419,#420,#421));
#1023=EDGE_LOOP('',(#422,#423,#424,#425));
#1024=EDGE_LOOP('',(#426,#427,#428,#429));
#1025=EDGE_LOOP('',(#430,#431,#432,#433));
#1026=EDGE_LOOP('',(#434,#435,#436,#437));
#1027=EDGE_LOOP('',(#438,#439,#440,#441));
#1028=FACE_BOUND('',#854,.T.);
#1029=FACE_BOUND('',#855,.T.);
#1030=FACE_BOUND('',#856,.T.);
#1031=FACE_BOUND('',#857,.T.);
#1032=FACE_BOUND('',#858,.T.);
#1033=FACE_BOUND('',#859,.T.);
#1034=FACE_BOUND('',#860,.T.);
#1035=FACE_BOUND('',#861,.T.);
#1036=FACE_BOUND('',#862,.T.);
#1037=FACE_BOUND('',#863,.T.);
#1038=FACE_BOUND('',#864,.T.);
#1039=FACE_BOUND('',#865,.T.);
#1040=FACE_BOUND('',#866,.T.);
#1041=FACE_BOUND('',#867,.T.);
#1042=FACE_BOUND('',#868,.T.);
#1043=FACE_BOUND('',#869,.T.);
#1044=FACE_BOUND('',#870,.T.);
#1045=FACE_BOUND('',#871,.T.);
#1046=FACE_BOUND('',#872,.T.);
#1047=FACE_BOUND('',#873,.T.);
#1048=FACE_BOUND('',#874,.T.);
#1049=FACE_BOUND('',#875,.T.);
#1050=FACE_BOUND('',#876,.T.);
#1051=FACE_BOUND('',#877,.T.);
#1052=FACE_BOUND('',#878,.T.);
#1053=FACE_BOUND('',#879,.T.);
#1054=FACE_BOUND('',#880,.T.);
#1055=FACE_BOUND('',#881,.T.);
#1056=FACE_BOUND('',#882,.T.);
#1057=FACE_BOUND('',#883,.T.);
#1058=FACE_BOUND('',#884,.T.);
#1059=FACE_BOUND('',#885,.T.);
#1060=FACE_BOUND('',#886,.T.);
#1061=FACE_BOUND('',#887,.T.);
#1062=FACE_BOUND('',#888,.T.);
#1063=FACE_BOUND('',#889,.T.);
#1064=FACE_BOUND('',#890,.T.);
#1065=FACE_BOUND('',#891,.T.);
#1066=FACE_BOUND('',#892,.T.);
#1067=FACE_BOUND('',#893,.T.);
#1068=FACE_BOUND('',#894,.T.);
#1069=FACE_BOUND('',#895,.T.);
#1070=FACE_BOUND('',#896,.T.);
#1071=FACE_BOUND('',#897,.T.);
#1072=FACE_BOUND('',#898,.T.);
#1073=FACE_BOUND('',#899,.T.);
#1074=FACE_BOUND('',#900,.T.);
#1075=FACE_BOUND('',#901,.T.);
#1076=FACE_BOUND('',#902,.T.);
#1077=FACE_BOUND('',#903,.T.);
#1078=FACE_BOUND('',#904,.T.);
#1079=FACE_BOUND('',#905,.T.);
#1080=FACE_BOUND('',#906,.T.);
#1081=FACE_BOUND('',#907,.T.);
#1082=FACE_BOUND('',#908,.T.);
#1083=FACE_BOUND('',#909,.T.);
#1084=FACE_BOUND('',#910,.T.);
#1085=FACE_BOUND('',#911,.T.);
#1086=FACE_BOUND('',#912,.T.);
#1087=FACE_BOUND('',#913,.T.);
#1088=FACE_BOUND('',#914,.T.);
#1089=FACE_BOUND('',#915,.T.);
#1090=FACE_BOUND('',#916,.T.);
#1091=FACE_BOUND('',#917,.T.);
#1092=FACE_BOUND('',#918,.T.);
#1093=FACE_BOUND('',#919,.T.);
#1094=FACE_BOUND('',#920,.T.);
#1095=FACE_BOUND('',#921,.T.);
#1096=FACE_BOUND('',#922,.T.);
#1097=FACE_BOUND('',#923,.T.);
#1098=FACE_BOUND('',#924,.T.);
#1099=FACE_BOUND('',#925,.T.);
#1100=FACE_BOUND('',#926,.T.);
#1101=FACE_BOUND('',#927,.T.);
#1102=FACE_BOUND('',#928,.T.);
#1103=FACE_BOUND('',#929,.T.);
#1104=FACE_BOUND('',#930,.T.);
#1105=FACE_BOUND('',#931,.T.);
#1106=FACE_BOUND('',#932,.T.);
#1107=FACE_BOUND('',#933,.T.);
#1108=FACE_BOUND('',#934,.T.);
#1109=FACE_BOUND('',#935,.T.);
#1110=FACE_BOUND('',#936,.T.);
#1111=FACE_BOUND('',#937,.T.);
#1112=FACE_BOUND('',#938,.T.);
#1113=FACE_BOUND('',#939,.T.);
#1114=FACE_BOUND('',#940,.T.);
#1115=FACE_BOUND('',#941,.T.);
#1116=FACE_BOUND('',#942,.T.);
#1117=FACE_BOUND('',#943,.T.);
#1118=FACE_BOUND('',#944,.T.);
#1119=FACE_BOUND('',#945,.T.);
#1120=FACE_BOUND('',#946,.T.);
#1121=FACE_BOUND('',#947,.T.);
#1122=FACE_BOUND('',#948,.T.);
#1123=FACE_BOUND('',#949,.T.);
#1124=FACE_BOUND('',#950,.T.);
#1125=FACE_BOUND('',#951,.T.);
#1126=FACE_BOUND('',#952,.T.);
#1127=FACE_BOUND('',#953,.T.);
#1128=FACE_BOUND('',#954,.T.);
#1129=FACE_BOUND('',#955,.T.);
#1130=FACE_BOUND('',#956,.T.);
#1131=FACE_BOUND('',#957,.T.);
#1132=FACE_BOUND('',#958,.T.);
#1133=FACE_BOUND('',#959,.T.);
#1134=FACE_BOUND('',#960,.T.);
#1135=FACE_BOUND('',#961,.T.);
#1136=FACE_BOUND('',#962,.T.);
#1137=FACE_BOUND('',#963,.T.);
#1138=FACE_BOUND('',#964,.T.);
#1139=FACE_BOUND('',#965,.T.);
#1140=FACE_BOUND('',#966,.T.);
#1141=FACE_BOUND('',#967,.T.);
#1142=FACE_BOUND('',#968,.T.);
#1143=FACE_BOUND('',#969,.T.);
#1144=FACE_BOUND('',#970,.T.);
#1145=FACE_BOUND('',#971,.T.);
#1146=FACE_BOUND('',#972,.T.);
#1147=FACE_BOUND('',#973,.T.);
#1148=FACE_BOUND('',#974,.T.);
#1149=FACE_BOUND('',#975,.T.);
#1150=FACE_BOUND('',#976,.T.);
#1151=FACE_BOUND('',#977,.T.);
#1152=FACE_BOUND('',#978,.T.);
#1153=FACE_BOUND('',#979,.T.);
#1154=FACE_BOUND('',#980,.T.);
#1155=FACE_BOUND('',#981,.T.);
#1156=FACE_BOUND('',#982,.T.);
#1157=FACE_BOUND('',#983,.T.);
#1158=FACE_BOUND('',#984,.T.);
#1159=FACE_BOUND('',#985,.T.);
#1160=FACE_BOUND('',#986,.T.);
#1161=FACE_BOUND('',#987,.T.);
#1162=FACE_BOUND('',#988,.T.);
#1163=FACE_BOUND('',#989,.T.);
#1164=FACE_BOUND('',#990,.T.);
#1165=FACE_BOUND('',#991,.T.);
#1166=FACE_BOUND('',#992,.T.);
#1167=FACE_BOUND('',#993,.T.);
#1168=FACE_BOUND('',#994,.T.);
#1169=FACE_BOUND('',#995,.T.);
#1170=FACE_BOUND('',#996,.T.);
#1171=FACE_BOUND('',#997,.T.);
#1172=FACE_BOUND('',#998,.T.);
#1173=FACE_BOUND('',#999,.T.);
#1174=FACE_BOUND('',#1000,.T.);
#1175=FACE_BOUND('',#1001,.T.);
#1176=FACE_BOUND('',#1002,.T.);
#1177=FACE_BOUND('',#1003,.T.);
#1178=FACE_BOUND('',#1004,.T.);
#1179=FACE_BOUND('',#1005,.T.);
#1180=FACE_BOUND('',#1006,.T.);
#1181=FACE_BOUND('',#1007,.T.);
#1182=FACE_BOUND('',#1008,.T.);
#1183=FACE_BOUND('',#1009,.T.);
#1184=FACE_BOUND('',#1010,.T.);
#1185=FACE_BOUND('',#1011,.T.);
#1186=FACE_BOUND('',#1012,.T.);
#1187=FACE_BOUND('',#1013,.T.);
#1188=FACE_BOUND('',#1014,.T.);
#1189=FACE_BOUND('',#1015,.T.);
#1190=FACE_BOUND('',#1016,.T.);
#1191=FACE_BOUND('',#1017,.T.);
#1192=FACE_BOUND('',#1018,.T.);
#1193=FACE_BOUND('',#1019,.T.);
#1194=FACE_BOUND('',#1020,.T.);
#1195=FACE_BOUND('',#1021,.T.);
#1196=FACE_BOUND('',#1022,.T.);
#1197=FACE_BOUND('',#1023,.T.);
#1198=FACE_BOUND('',#1024,.T.);
#1199=FACE_BOUND('',#1025,.T.);
#1200=FACE_BOUND('',#1026,.T.);
#1201=FACE_BOUND('',#1027,.T.);
#1202=PLANE('',#1307);
#1203=PLANE('',#1308);
#1204=PLANE('',#1313);
#1205=PLANE('',#1318);
#1206=PLANE('',#1336);
#1207=PLANE('',#1337);
#1208=PLANE('',#1355);
#1209=PLANE('',#1360);
#1210=PLANE('',#1365);
#1211=PLANE('',#1383);
#1212=PLANE('',#1401);
#1213=PLANE('',#1402);
#1214=PLANE('',#1404);
#1215=PLANE('',#1406);
#1216=PLANE('',#1408);
#1217=PLANE('',#1448);
#1218=PLANE('',#1449);
#1219=PLANE('',#1450);
#1220=PLANE('',#1451);
#1221=PLANE('',#1452);
#1222=PLANE('',#1453);
#1223=PLANE('',#1454);
#1224=PLANE('',#1455);
#1225=PLANE('',#1456);
#1226=PLANE('',#1457);
#1227=ADVANCED_FACE('',(#1028,#1029,#1030),#1202,.F.);
#1228=ADVANCED_FACE('',(#1031,#1032),#1203,.F.);
#1229=ADVANCED_FACE('',(#1033,#1034),#1204,.T.);
#1230=ADVANCED_FACE('',(#1035,#1036,#1037,#1038,#1039,#1040,#1041,#1042,
#1043,#1044,#1045,#1046,#1047,#1048,#1049,#1050,#1051,#1052),#1205,.T.);
#1231=ADVANCED_FACE('',(#1053),#1206,.T.);
#1232=ADVANCED_FACE('',(#1054,#1055,#1056,#1057,#1058,#1059,#1060,#1061,
#1062,#1063,#1064,#1065,#1066,#1067,#1068,#1069,#1070,#1071),#1207,.T.);
#1233=ADVANCED_FACE('',(#1072,#1073),#1208,.F.);
#1234=ADVANCED_FACE('',(#1074),#1209,.T.);
#1235=ADVANCED_FACE('',(#1075,#1076,#1077,#1078,#1079,#1080,#1081,#1082,
#1083,#1084,#1085,#1086,#1087,#1088,#1089,#1090,#1091,#1092),#1210,.F.);
#1236=ADVANCED_FACE('',(#1093,#1094,#1095,#1096,#1097,#1098,#1099,#1100,
#1101,#1102,#1103,#1104,#1105,#1106,#1107,#1108,#1109,#1110),#1211,.F.);
#1237=ADVANCED_FACE('',(#1111),#1212,.F.);
#1238=ADVANCED_FACE('',(#1112),#1213,.T.);
#1239=ADVANCED_FACE('',(#1113),#12,.F.);
#1240=ADVANCED_FACE('',(#1114),#1214,.T.);
#1241=ADVANCED_FACE('',(#1115),#13,.F.);
#1242=ADVANCED_FACE('',(#1116),#1215,.F.);
#1243=ADVANCED_FACE('',(#1117),#14,.F.);
#1244=ADVANCED_FACE('',(#1118),#1216,.F.);
#1245=ADVANCED_FACE('',(#1119),#15,.F.);
#1246=ADVANCED_FACE('',(#1120),#16,.T.);
#1247=ADVANCED_FACE('',(#1121),#17,.T.);
#1248=ADVANCED_FACE('',(#1122),#18,.T.);
#1249=ADVANCED_FACE('',(#1123),#19,.T.);
#1250=ADVANCED_FACE('',(#1124,#1125),#20,.F.);
#1251=ADVANCED_FACE('',(#1126,#1127),#21,.F.);
#1252=ADVANCED_FACE('',(#1128,#1129),#22,.F.);
#1253=ADVANCED_FACE('',(#1130,#1131),#23,.F.);
#1254=ADVANCED_FACE('',(#1132,#1133),#24,.F.);
#1255=ADVANCED_FACE('',(#1134,#1135),#25,.F.);
#1256=ADVANCED_FACE('',(#1136,#1137),#26,.F.);
#1257=ADVANCED_FACE('',(#1138,#1139),#27,.F.);
#1258=ADVANCED_FACE('',(#1140,#1141),#28,.F.);
#1259=ADVANCED_FACE('',(#1142,#1143),#29,.F.);
#1260=ADVANCED_FACE('',(#1144,#1145),#30,.F.);
#1261=ADVANCED_FACE('',(#1146,#1147),#31,.F.);
#1262=ADVANCED_FACE('',(#1148,#1149),#32,.F.);
#1263=ADVANCED_FACE('',(#1150,#1151),#33,.F.);
#1264=ADVANCED_FACE('',(#1152,#1153),#34,.F.);
#1265=ADVANCED_FACE('',(#1154,#1155),#35,.F.);
#1266=ADVANCED_FACE('',(#1156,#1157),#36,.F.);
#1267=ADVANCED_FACE('',(#1158,#1159),#37,.F.);
#1268=ADVANCED_FACE('',(#1160,#1161),#38,.F.);
#1269=ADVANCED_FACE('',(#1162,#1163),#39,.F.);
#1270=ADVANCED_FACE('',(#1164,#1165),#40,.F.);
#1271=ADVANCED_FACE('',(#1166,#1167),#41,.F.);
#1272=ADVANCED_FACE('',(#1168,#1169),#42,.F.);
#1273=ADVANCED_FACE('',(#1170,#1171),#43,.F.);
#1274=ADVANCED_FACE('',(#1172,#1173),#44,.F.);
#1275=ADVANCED_FACE('',(#1174,#1175),#45,.F.);
#1276=ADVANCED_FACE('',(#1176,#1177),#46,.F.);
#1277=ADVANCED_FACE('',(#1178,#1179),#47,.F.);
#1278=ADVANCED_FACE('',(#1180,#1181),#48,.F.);
#1279=ADVANCED_FACE('',(#1182,#1183),#49,.F.);
#1280=ADVANCED_FACE('',(#1184,#1185),#50,.F.);
#1281=ADVANCED_FACE('',(#1186,#1187),#51,.F.);
#1282=ADVANCED_FACE('',(#1188,#1189),#52,.F.);
#1283=ADVANCED_FACE('',(#1190,#1191),#53,.F.);
#1284=ADVANCED_FACE('',(#1192),#1217,.F.);
#1285=ADVANCED_FACE('',(#1193),#1218,.F.);
#1286=ADVANCED_FACE('',(#1194),#1219,.F.);
#1287=ADVANCED_FACE('',(#1195),#1220,.T.);
#1288=ADVANCED_FACE('',(#1196),#1221,.F.);
#1289=ADVANCED_FACE('',(#1197),#1222,.T.);
#1290=ADVANCED_FACE('',(#1198),#1223,.F.);
#1291=ADVANCED_FACE('',(#1199),#1224,.T.);
#1292=ADVANCED_FACE('',(#1200),#1225,.F.);
#1293=ADVANCED_FACE('',(#1201),#1226,.T.);
#1294=CLOSED_SHELL('',(#1227,#1228,#1229,#1230,#1231,#1232,#1233,#1234,
#1235,#1236,#1237,#1238,#1239,#1240,#1241,#1242,#1243,#1244,#1245,#1246,
#1247,#1248,#1249,#1250,#1251,#1252,#1253,#1254,#1255,#1256,#1257,#1258,
#1259,#1260,#1261,#1262,#1263,#1264,#1265,#1266,#1267,#1268,#1269,#1270,
#1271,#1272,#1273,#1274,#1275,#1276,#1277,#1278,#1279,#1280,#1281,#1282,
#1283,#1284,#1285,#1286,#1287,#1288,#1289,#1290,#1291,#1292,#1293));
#1295=STYLED_ITEM('',(#1296),#1303);
#1296=PRESENTATION_STYLE_ASSIGNMENT((#1297));
#1297=SURFACE_STYLE_USAGE(.BOTH.,#1298);
#1298=SURFACE_SIDE_STYLE('',(#1299));
#1299=SURFACE_STYLE_FILL_AREA(#1300);
#1300=FILL_AREA_STYLE('',(#1301));
#1301=FILL_AREA_STYLE_COLOUR('',#1302);
#1302=COLOUR_RGB('',0.647058823529412,0.647058823529412,0.647058823529412);
#1303=MANIFOLD_SOLID_BREP('Case',#1294);
#1304=SHAPE_DEFINITION_REPRESENTATION(#2180,#1305);
#1305=SHAPE_REPRESENTATION('Case',(#1306),#2175);
#1306=AXIS2_PLACEMENT_3D('',#1830,#1458,#1459);
#1307=AXIS2_PLACEMENT_3D('',#1831,#1460,#1461);
#1308=AXIS2_PLACEMENT_3D('',#1856,#1474,#1475);
#1309=AXIS2_PLACEMENT_3D('',#1868,#1481,#1482);
#1310=AXIS2_PLACEMENT_3D('',#1872,#1484,#1485);
#1311=AXIS2_PLACEMENT_3D('',#1876,#1487,#1488);
#1312=AXIS2_PLACEMENT_3D('',#1880,#1490,#1491);
#1313=AXIS2_PLACEMENT_3D('',#1881,#1492,#1493);
#1314=AXIS2_PLACEMENT_3D('',#1882,#1494,#1495);
#1315=AXIS2_PLACEMENT_3D('',#1887,#1497,#1498);
#1316=AXIS2_PLACEMENT_3D('',#1891,#1500,#1501);
#1317=AXIS2_PLACEMENT_3D('',#1895,#1503,#1504);
#1318=AXIS2_PLACEMENT_3D('',#1906,#1510,#1511);
#1319=AXIS2_PLACEMENT_3D('',#1907,#1512,#1513);
#1320=AXIS2_PLACEMENT_3D('',#1909,#1514,#1515);
#1321=AXIS2_PLACEMENT_3D('',#1911,#1516,#1517);
#1322=AXIS2_PLACEMENT_3D('',#1913,#1518,#1519);
#1323=AXIS2_PLACEMENT_3D('',#1915,#1520,#1521);
#1324=AXIS2_PLACEMENT_3D('',#1917,#1522,#1523);
#1325=AXIS2_PLACEMENT_3D('',#1919,#1524,#1525);
#1326=AXIS2_PLACEMENT_3D('',#1921,#1526,#1527);
#1327=AXIS2_PLACEMENT_3D('',#1923,#1528,#1529);
#1328=AXIS2_PLACEMENT_3D('',#1925,#1530,#1531);
#1329=AXIS2_PLACEMENT_3D('',#1927,#1532,#1533);
#1330=AXIS2_PLACEMENT_3D('',#1929,#1534,#1535);
#1331=AXIS2_PLACEMENT_3D('',#1931,#1536,#1537);
#1332=AXIS2_PLACEMENT_3D('',#1933,#1538,#1539);
#1333=AXIS2_PLACEMENT_3D('',#1935,#1540,#1541);
#1334=AXIS2_PLACEMENT_3D('',#1937,#1542,#1543);
#1335=AXIS2_PLACEMENT_3D('',#1939,#1544,#1545);
#1336=AXIS2_PLACEMENT_3D('',#1949,#1550,#1551);
#1337=AXIS2_PLACEMENT_3D('',#1958,#1556,#1557);
#1338=AXIS2_PLACEMENT_3D('',#1959,#1558,#1559);
#1339=AXIS2_PLACEMENT_3D('',#1961,#1560,#1561);
#1340=AXIS2_PLACEMENT_3D('',#1963,#1562,#1563);
#1341=AXIS2_PLACEMENT_3D('',#1965,#1564,#1565);
#1342=AXIS2_PLACEMENT_3D('',#1967,#1566,#1567);
#1343=AXIS2_PLACEMENT_3D('',#1969,#1568,#1569);
#1344=AXIS2_PLACEMENT_3D('',#1971,#1570,#1571);
#1345=AXIS2_PLACEMENT_3D('',#1973,#1572,#1573);
#1346=AXIS2_PLACEMENT_3D('',#1975,#1574,#1575);
#1347=AXIS2_PLACEMENT_3D('',#1977,#1576,#1577);
#1348=AXIS2_PLACEMENT_3D('',#1979,#1578,#1579);
#1349=AXIS2_PLACEMENT_3D('',#1981,#1580,#1581);
#1350=AXIS2_PLACEMENT_3D('',#1983,#1582,#1583);
#1351=AXIS2_PLACEMENT_3D('',#1985,#1584,#1585);
#1352=AXIS2_PLACEMENT_3D('',#1987,#1586,#1587);
#1353=AXIS2_PLACEMENT_3D('',#1989,#1588,#1589);
#1354=AXIS2_PLACEMENT_3D('',#1991,#1590,#1591);
#1355=AXIS2_PLACEMENT_3D('',#2001,#1596,#1597);
#1356=AXIS2_PLACEMENT_3D('',#2004,#1600,#1601);
#1357=AXIS2_PLACEMENT_3D('',#2005,#1602,#1603);
#1358=AXIS2_PLACEMENT_3D('',#2006,#1604,#1605);
#1359=AXIS2_PLACEMENT_3D('',#2007,#1606,#1607);
#1360=AXIS2_PLACEMENT_3D('',#2008,#1608,#1609);
#1361=AXIS2_PLACEMENT_3D('',#2009,#1610,#1611);
#1362=AXIS2_PLACEMENT_3D('',#2010,#1612,#1613);
#1363=AXIS2_PLACEMENT_3D('',#2011,#1614,#1615);
#1364=AXIS2_PLACEMENT_3D('',#2012,#1616,#1617);
#1365=AXIS2_PLACEMENT_3D('',#2013,#1618,#1619);
#1366=AXIS2_PLACEMENT_3D('',#2014,#1620,#1621);
#1367=AXIS2_PLACEMENT_3D('',#2016,#1622,#1623);
#1368=AXIS2_PLACEMENT_3D('',#2018,#1624,#1625);
#1369=AXIS2_PLACEMENT_3D('',#2020,#1626,#1627);
#1370=AXIS2_PLACEMENT_3D('',#2022,#1628,#1629);
#1371=AXIS2_PLACEMENT_3D('',#2024,#1630,#1631);
#1372=AXIS2_PLACEMENT_3D('',#2026,#1632,#1633);
#1373=AXIS2_PLACEMENT_3D('',#2028,#1634,#1635);
#1374=AXIS2_PLACEMENT_3D('',#2030,#1636,#1637);
#1375=AXIS2_PLACEMENT_3D('',#2032,#1638,#1639);
#1376=AXIS2_PLACEMENT_3D('',#2034,#1640,#1641);
#1377=AXIS2_PLACEMENT_3D('',#2036,#1642,#1643);
#1378=AXIS2_PLACEMENT_3D('',#2038,#1644,#1645);
#1379=AXIS2_PLACEMENT_3D('',#2040,#1646,#1647);
#1380=AXIS2_PLACEMENT_3D('',#2042,#1648,#1649);
#1381=AXIS2_PLACEMENT_3D('',#2044,#1650,#1651);
#1382=AXIS2_PLACEMENT_3D('',#2046,#1652,#1653);
#1383=AXIS2_PLACEMENT_3D('',#2049,#1655,#1656);
#1384=AXIS2_PLACEMENT_3D('',#2050,#1657,#1658);
#1385=AXIS2_PLACEMENT_3D('',#2052,#1659,#1660);
#1386=AXIS2_PLACEMENT_3D('',#2054,#1661,#1662);
#1387=AXIS2_PLACEMENT_3D('',#2056,#1663,#1664);
#1388=AXIS2_PLACEMENT_3D('',#2058,#1665,#1666);
#1389=AXIS2_PLACEMENT_3D('',#2060,#1667,#1668);
#1390=AXIS2_PLACEMENT_3D('',#2062,#1669,#1670);
#1391=AXIS2_PLACEMENT_3D('',#2064,#1671,#1672);
#1392=AXIS2_PLACEMENT_3D('',#2066,#1673,#1674);
#1393=AXIS2_PLACEMENT_3D('',#2068,#1675,#1676);
#1394=AXIS2_PLACEMENT_3D('',#2070,#1677,#1678);
#1395=AXIS2_PLACEMENT_3D('',#2072,#1679,#1680);
#1396=AXIS2_PLACEMENT_3D('',#2074,#1681,#1682);
#1397=AXIS2_PLACEMENT_3D('',#2076,#1683,#1684);
#1398=AXIS2_PLACEMENT_3D('',#2078,#1685,#1686);
#1399=AXIS2_PLACEMENT_3D('',#2080,#1687,#1688);
#1400=AXIS2_PLACEMENT_3D('',#2082,#1689,#1690);
#1401=AXIS2_PLACEMENT_3D('',#2085,#1692,#1693);
#1402=AXIS2_PLACEMENT_3D('',#2086,#1694,#1695);
#1403=AXIS2_PLACEMENT_3D('',#2089,#1698,#1699);
#1404=AXIS2_PLACEMENT_3D('',#2091,#1701,#1702);
#1405=AXIS2_PLACEMENT_3D('',#2093,#1704,#1705);
#1406=AXIS2_PLACEMENT_3D('',#2095,#1707,#1708);
#1407=AXIS2_PLACEMENT_3D('',#2097,#1710,#1711);
#1408=AXIS2_PLACEMENT_3D('',#2099,#1713,#1714);
#1409=AXIS2_PLACEMENT_3D('',#2101,#1716,#1717);
#1410=AXIS2_PLACEMENT_3D('',#2102,#1718,#1719);
#1411=AXIS2_PLACEMENT_3D('',#2103,#1720,#1721);
#1412=AXIS2_PLACEMENT_3D('',#2104,#1722,#1723);
#1413=AXIS2_PLACEMENT_3D('',#2105,#1724,#1725);
#1414=AXIS2_PLACEMENT_3D('',#2106,#1726,#1727);
#1415=AXIS2_PLACEMENT_3D('',#2107,#1728,#1729);
#1416=AXIS2_PLACEMENT_3D('',#2108,#1730,#1731);
#1417=AXIS2_PLACEMENT_3D('',#2109,#1732,#1733);
#1418=AXIS2_PLACEMENT_3D('',#2110,#1734,#1735);
#1419=AXIS2_PLACEMENT_3D('',#2111,#1736,#1737);
#1420=AXIS2_PLACEMENT_3D('',#2112,#1738,#1739);
#1421=AXIS2_PLACEMENT_3D('',#2113,#1740,#1741);
#1422=AXIS2_PLACEMENT_3D('',#2114,#1742,#1743);
#1423=AXIS2_PLACEMENT_3D('',#2115,#1744,#1745);
#1424=AXIS2_PLACEMENT_3D('',#2116,#1746,#1747);
#1425=AXIS2_PLACEMENT_3D('',#2117,#1748,#1749);
#1426=AXIS2_PLACEMENT_3D('',#2118,#1750,#1751);
#1427=AXIS2_PLACEMENT_3D('',#2119,#1752,#1753);
#1428=AXIS2_PLACEMENT_3D('',#2120,#1754,#1755);
#1429=AXIS2_PLACEMENT_3D('',#2121,#1756,#1757);
#1430=AXIS2_PLACEMENT_3D('',#2122,#1758,#1759);
#1431=AXIS2_PLACEMENT_3D('',#2123,#1760,#1761);
#1432=AXIS2_PLACEMENT_3D('',#2124,#1762,#1763);
#1433=AXIS2_PLACEMENT_3D('',#2125,#1764,#1765);
#1434=AXIS2_PLACEMENT_3D('',#2126,#1766,#1767);
#1435=AXIS2_PLACEMENT_3D('',#2127,#1768,#1769);
#1436=AXIS2_PLACEMENT_3D('',#2128,#1770,#1771);
#1437=AXIS2_PLACEMENT_3D('',#2129,#1772,#1773);
#1438=AXIS2_PLACEMENT_3D('',#2130,#1774,#1775);
#1439=AXIS2_PLACEMENT_3D('',#2131,#1776,#1777);
#1440=AXIS2_PLACEMENT_3D('',#2132,#1778,#1779);
#1441=AXIS2_PLACEMENT_3D('',#2133,#1780,#1781);
#1442=AXIS2_PLACEMENT_3D('',#2134,#1782,#1783);
#1443=AXIS2_PLACEMENT_3D('',#2135,#1784,#1785);
#1444=AXIS2_PLACEMENT_3D('',#2136,#1786,#1787);
#1445=AXIS2_PLACEMENT_3D('',#2137,#1788,#1789);
#1446=AXIS2_PLACEMENT_3D('',#2138,#1790,#1791);
#1447=AXIS2_PLACEMENT_3D('',#2139,#1792,#1793);
#1448=AXIS2_PLACEMENT_3D('',#2140,#1794,#1795);
#1449=AXIS2_PLACEMENT_3D('',#2149,#1800,#1801);
#1450=AXIS2_PLACEMENT_3D('',#2158,#1806,#1807);
#1451=AXIS2_PLACEMENT_3D('',#2161,#1810,#1811);
#1452=AXIS2_PLACEMENT_3D('',#2163,#1813,#1814);
#1453=AXIS2_PLACEMENT_3D('',#2165,#1816,#1817);
#1454=AXIS2_PLACEMENT_3D('',#2166,#1818,#1819);
#1455=AXIS2_PLACEMENT_3D('',#2169,#1822,#1823);
#1456=AXIS2_PLACEMENT_3D('',#2171,#1825,#1826);
#1457=AXIS2_PLACEMENT_3D('',#2173,#1828,#1829);
#1458=DIRECTION('',(0.,0.,1.));
#1459=DIRECTION('',(1.,0.,0.));
#1460=DIRECTION('',(1.42482419097994E-16,-1.,0.));
#1461=DIRECTION('',(1.,1.42482419097994E-16,0.));
#1462=DIRECTION('',(3.40531766907777E-16,4.85197899287343E-32,-1.));
#1463=DIRECTION('',(1.,1.42482419097994E-16,1.22249713581514E-16));
#1464=DIRECTION('',(-6.81063533815555E-16,-9.70395798574685E-32,1.));
#1465=DIRECTION('',(-1.,-1.42482419097994E-16,-4.88998854326057E-16));
#1466=DIRECTION('',(1.,1.42482419097994E-16,0.));
#1467=DIRECTION('',(0.,0.,1.));
#1468=DIRECTION('',(-1.,-1.42482419097994E-16,0.));
#1469=DIRECTION('',(0.,0.,-1.));
#1470=DIRECTION('',(-1.,-1.42482419097994E-16,0.));
#1471=DIRECTION('',(0.,0.,-1.));
#1472=DIRECTION('',(-1.,-1.42482419097994E-16,0.));
#1473=DIRECTION('',(0.,0.,-1.));
#1474=DIRECTION('',(0.,1.,0.));
#1475=DIRECTION('',(0.,0.,1.));
#1476=DIRECTION('',(1.,0.,0.));
#1477=DIRECTION('',(0.,0.,-1.));
#1478=DIRECTION('',(1.,0.,0.));
#1479=DIRECTION('',(0.,0.,-1.));
#1480=DIRECTION('',(0.,0.,-1.));
#1481=DIRECTION('',(0.,1.,0.));
#1482=DIRECTION('',(0.,0.,1.));
#1483=DIRECTION('',(-1.,0.,0.));
#1484=DIRECTION('',(0.,1.,0.));
#1485=DIRECTION('',(0.,0.,1.));
#1486=DIRECTION('',(0.,0.,-1.));
#1487=DIRECTION('',(0.,1.,0.));
#1488=DIRECTION('',(0.,0.,1.));
#1489=DIRECTION('',(-1.,0.,0.));
#1490=DIRECTION('',(0.,1.,0.));
#1491=DIRECTION('',(0.,0.,1.));
#1492=DIRECTION('',(0.,1.,0.));
#1493=DIRECTION('',(0.,0.,1.));
#1494=DIRECTION('',(0.,1.,0.));
#1495=DIRECTION('',(0.,0.,1.));
#1496=DIRECTION('',(0.,0.,-1.));
#1497=DIRECTION('',(0.,1.,0.));
#1498=DIRECTION('',(0.,0.,1.));
#1499=DIRECTION('',(-1.,0.,0.));
#1500=DIRECTION('',(0.,1.,0.));
#1501=DIRECTION('',(0.,0.,1.));
#1502=DIRECTION('',(0.,0.,-1.));
#1503=DIRECTION('',(0.,1.,0.));
#1504=DIRECTION('',(0.,0.,1.));
#1505=DIRECTION('',(-1.,0.,0.));
#1506=DIRECTION('',(1.,0.,0.));
#1507=DIRECTION('',(0.,0.,-1.));
#1508=DIRECTION('',(1.,0.,0.));
#1509=DIRECTION('',(0.,0.,-1.));
#1510=DIRECTION('',(1.,7.54456468502364E-17,0.));
#1511=DIRECTION('',(-7.54456468502364E-17,1.,0.));
#1512=DIRECTION('',(1.,7.54456468502364E-17,0.));
#1513=DIRECTION('',(-7.54456468502364E-17,1.,0.));
#1514=DIRECTION('',(1.,7.54456468502364E-17,0.));
#1515=DIRECTION('',(-7.54456468502364E-17,1.,0.));
#1516=DIRECTION('',(1.,7.54456468502364E-17,0.));
#1517=DIRECTION('',(-7.54456468502364E-17,1.,0.));
#1518=DIRECTION('',(1.,7.54456468502364E-17,0.));
#1519=DIRECTION('',(-7.54456468502364E-17,1.,0.));
#1520=DIRECTION('',(1.,7.54456468502364E-17,0.));
#1521=DIRECTION('',(-7.54456468502364E-17,1.,0.));
#1522=DIRECTION('',(1.,7.54456468502364E-17,0.));
#1523=DIRECTION('',(-7.54456468502364E-17,1.,0.));
#1524=DIRECTION('',(1.,7.54456468502364E-17,0.));
#1525=DIRECTION('',(-7.54456468502364E-17,1.,0.));
#1526=DIRECTION('',(1.,7.54456468502364E-17,0.));
#1527=DIRECTION('',(-7.54456468502364E-17,1.,0.));
#1528=DIRECTION('',(1.,7.54456468502364E-17,0.));
#1529=DIRECTION('',(-7.54456468502364E-17,1.,0.));
#1530=DIRECTION('',(1.,7.54456468502364E-17,0.));
#1531=DIRECTION('',(-7.54456468502364E-17,1.,0.));
#1532=DIRECTION('',(1.,7.54456468502364E-17,0.));
#1533=DIRECTION('',(-7.54456468502364E-17,1.,0.));
#1534=DIRECTION('',(1.,7.54456468502364E-17,0.));
#1535=DIRECTION('',(-7.54456468502364E-17,1.,0.));
#1536=DIRECTION('',(1.,7.54456468502364E-17,0.));
#1537=DIRECTION('',(-7.54456468502364E-17,1.,0.));
#1538=DIRECTION('',(1.,7.54456468502364E-17,0.));
#1539=DIRECTION('',(-7.54456468502364E-17,1.,0.));
#1540=DIRECTION('',(1.,7.54456468502364E-17,0.));
#1541=DIRECTION('',(-7.54456468502364E-17,1.,0.));
#1542=DIRECTION('',(1.,7.54456468502364E-17,0.));
#1543=DIRECTION('',(-7.54456468502364E-17,1.,0.));
#1544=DIRECTION('',(1.,7.54456468502364E-17,0.));
#1545=DIRECTION('',(-7.54456468502364E-17,1.,0.));
#1546=DIRECTION('',(7.54456468502364E-17,-1.,0.));
#1547=DIRECTION('',(0.,0.,-1.));
#1548=DIRECTION('',(7.54456468502364E-17,-1.,0.));
#1549=DIRECTION('',(0.,0.,-1.));
#1550=DIRECTION('',(1.42482419097994E-16,-1.,0.));
#1551=DIRECTION('',(1.,1.42482419097994E-16,0.));
#1552=DIRECTION('',(-1.,-1.42482419097994E-16,0.));
#1553=DIRECTION('',(0.,0.,-1.));
#1554=DIRECTION('',(-1.,-1.42482419097994E-16,0.));
#1555=DIRECTION('',(0.,0.,-1.));
#1556=DIRECTION('',(-1.,6.60149409939568E-17,0.));
#1557=DIRECTION('',(-6.60149409939568E-17,-1.,0.));
#1558=DIRECTION('',(-1.,6.60149409939568E-17,0.));
#1559=DIRECTION('',(-6.60149409939568E-17,-1.,0.));
#1560=DIRECTION('',(-1.,6.60149409939568E-17,0.));
#1561=DIRECTION('',(-6.60149409939568E-17,-1.,0.));
#1562=DIRECTION('',(-1.,6.60149409939568E-17,0.));
#1563=DIRECTION('',(-6.60149409939568E-17,-1.,0.));
#1564=DIRECTION('',(-1.,6.60149409939568E-17,0.));
#1565=DIRECTION('',(-6.60149409939568E-17,-1.,0.));
#1566=DIRECTION('',(-1.,6.60149409939568E-17,0.));
#1567=DIRECTION('',(-6.60149409939568E-17,-1.,0.));
#1568=DIRECTION('',(-1.,6.60149409939568E-17,0.));
#1569=DIRECTION('',(-6.60149409939568E-17,-1.,0.));
#1570=DIRECTION('',(-1.,6.60149409939568E-17,0.));
#1571=DIRECTION('',(-6.60149409939568E-17,-1.,0.));
#1572=DIRECTION('',(-1.,6.60149409939568E-17,0.));
#1573=DIRECTION('',(-6.60149409939568E-17,-1.,0.));
#1574=DIRECTION('',(-1.,6.60149409939568E-17,0.));
#1575=DIRECTION('',(-6.60149409939568E-17,-1.,0.));
#1576=DIRECTION('',(-1.,6.60149409939568E-17,0.));
#1577=DIRECTION('',(-6.60149409939568E-17,-1.,0.));
#1578=DIRECTION('',(-1.,6.60149409939568E-17,0.));
#1579=DIRECTION('',(-6.60149409939568E-17,-1.,0.));
#1580=DIRECTION('',(-1.,6.60149409939568E-17,0.));
#1581=DIRECTION('',(-6.60149409939568E-17,-1.,0.));
#1582=DIRECTION('',(-1.,6.60149409939568E-17,0.));
#1583=DIRECTION('',(-6.60149409939568E-17,-1.,0.));
#1584=DIRECTION('',(-1.,6.60149409939568E-17,0.));
#1585=DIRECTION('',(-6.60149409939568E-17,-1.,0.));
#1586=DIRECTION('',(-1.,6.60149409939568E-17,0.));
#1587=DIRECTION('',(-6.60149409939568E-17,-1.,0.));
#1588=DIRECTION('',(-1.,6.60149409939568E-17,0.));
#1589=DIRECTION('',(-6.60149409939568E-17,-1.,0.));
#1590=DIRECTION('',(-1.,6.60149409939568E-17,0.));
#1591=DIRECTION('',(-6.60149409939568E-17,-1.,0.));
#1592=DIRECTION('',(6.60149409939568E-17,1.,0.));
#1593=DIRECTION('',(0.,0.,-1.));
#1594=DIRECTION('',(6.60149409939568E-17,1.,0.));
#1595=DIRECTION('',(0.,0.,-1.));
#1596=DIRECTION('',(0.,0.,-1.));
#1597=DIRECTION('',(1.,0.,0.));
#1598=DIRECTION('',(6.60149409939568E-17,1.,0.));
#1599=DIRECTION('',(7.54456468502364E-17,-1.,0.));
#1600=DIRECTION('',(0.,0.,-1.));
#1601=DIRECTION('',(-1.,0.,0.));
#1602=DIRECTION('',(0.,0.,-1.));
#1603=DIRECTION('',(-1.,0.,0.));
#1604=DIRECTION('',(0.,0.,-1.));
#1605=DIRECTION('',(-1.,0.,0.));
#1606=DIRECTION('',(0.,0.,-1.));
#1607=DIRECTION('',(-1.,0.,0.));
#1608=DIRECTION('',(0.,0.,-1.));
#1609=DIRECTION('',(1.,0.,0.));
#1610=DIRECTION('',(0.,0.,-1.));
#1611=DIRECTION('',(-1.,0.,0.));
#1612=DIRECTION('',(0.,0.,-1.));
#1613=DIRECTION('',(-1.,0.,0.));
#1614=DIRECTION('',(0.,0.,-1.));
#1615=DIRECTION('',(-1.,0.,0.));
#1616=DIRECTION('',(0.,0.,-1.));
#1617=DIRECTION('',(-1.,0.,0.));
#1618=DIRECTION('',(1.,7.54456468502364E-17,0.));
#1619=DIRECTION('',(-7.54456468502364E-17,1.,0.));
#1620=DIRECTION('',(1.,7.54456468502364E-17,0.));
#1621=DIRECTION('',(-7.54456468502364E-17,1.,0.));
#1622=DIRECTION('',(1.,7.54456468502364E-17,0.));
#1623=DIRECTION('',(-7.54456468502364E-17,1.,0.));
#1624=DIRECTION('',(1.,7.54456468502364E-17,0.));
#1625=DIRECTION('',(-7.54456468502364E-17,1.,0.));
#1626=DIRECTION('',(1.,7.54456468502364E-17,0.));
#1627=DIRECTION('',(-7.54456468502364E-17,1.,0.));
#1628=DIRECTION('',(1.,7.54456468502364E-17,0.));
#1629=DIRECTION('',(-7.54456468502364E-17,1.,0.));
#1630=DIRECTION('',(1.,7.54456468502364E-17,0.));
#1631=DIRECTION('',(-7.54456468502364E-17,1.,0.));
#1632=DIRECTION('',(1.,7.54456468502364E-17,0.));
#1633=DIRECTION('',(-7.54456468502364E-17,1.,0.));
#1634=DIRECTION('',(1.,7.54456468502364E-17,0.));
#1635=DIRECTION('',(-7.54456468502364E-17,1.,0.));
#1636=DIRECTION('',(1.,7.54456468502364E-17,0.));
#1637=DIRECTION('',(-7.54456468502364E-17,1.,0.));
#1638=DIRECTION('',(1.,7.54456468502364E-17,0.));
#1639=DIRECTION('',(-7.54456468502364E-17,1.,0.));
#1640=DIRECTION('',(1.,7.54456468502364E-17,0.));
#1641=DIRECTION('',(-7.54456468502364E-17,1.,0.));
#1642=DIRECTION('',(1.,7.54456468502364E-17,0.));
#1643=DIRECTION('',(-7.54456468502364E-17,1.,0.));
#1644=DIRECTION('',(1.,7.54456468502364E-17,0.));
#1645=DIRECTION('',(-7.54456468502364E-17,1.,0.));
#1646=DIRECTION('',(1.,7.54456468502364E-17,0.));
#1647=DIRECTION('',(-7.54456468502364E-17,1.,0.));
#1648=DIRECTION('',(1.,7.54456468502364E-17,0.));
#1649=DIRECTION('',(-7.54456468502364E-17,1.,0.));
#1650=DIRECTION('',(1.,7.54456468502364E-17,0.));
#1651=DIRECTION('',(-7.54456468502364E-17,1.,0.));
#1652=DIRECTION('',(1.,7.54456468502364E-17,0.));
#1653=DIRECTION('',(-7.54456468502364E-17,1.,0.));
#1654=DIRECTION('',(7.54456468502364E-17,-1.,0.));
#1655=DIRECTION('',(-1.,6.60149409939568E-17,0.));
#1656=DIRECTION('',(-6.60149409939568E-17,-1.,0.));
#1657=DIRECTION('',(-1.,6.60149409939568E-17,0.));
#1658=DIRECTION('',(-6.60149409939568E-17,-1.,0.));
#1659=DIRECTION('',(-1.,6.60149409939568E-17,0.));
#1660=DIRECTION('',(-6.60149409939568E-17,-1.,0.));
#1661=DIRECTION('',(-1.,6.60149409939568E-17,0.));
#1662=DIRECTION('',(-6.60149409939568E-17,-1.,0.));
#1663=DIRECTION('',(-1.,6.60149409939568E-17,0.));
#1664=DIRECTION('',(-6.60149409939568E-17,-1.,0.));
#1665=DIRECTION('',(-1.,6.60149409939568E-17,0.));
#1666=DIRECTION('',(-6.60149409939568E-17,-1.,0.));
#1667=DIRECTION('',(-1.,6.60149409939568E-17,0.));
#1668=DIRECTION('',(-6.60149409939568E-17,-1.,0.));
#1669=DIRECTION('',(-1.,6.60149409939568E-17,0.));
#1670=DIRECTION('',(-6.60149409939568E-17,-1.,0.));
#1671=DIRECTION('',(-1.,6.60149409939568E-17,0.));
#1672=DIRECTION('',(-6.60149409939568E-17,-1.,0.));
#1673=DIRECTION('',(-1.,6.60149409939568E-17,0.));
#1674=DIRECTION('',(-6.60149409939568E-17,-1.,0.));
#1675=DIRECTION('',(-1.,6.60149409939568E-17,0.));
#1676=DIRECTION('',(-6.60149409939568E-17,-1.,0.));
#1677=DIRECTION('',(-1.,6.60149409939568E-17,0.));
#1678=DIRECTION('',(-6.60149409939568E-17,-1.,0.));
#1679=DIRECTION('',(-1.,6.60149409939568E-17,0.));
#1680=DIRECTION('',(-6.60149409939568E-17,-1.,0.));
#1681=DIRECTION('',(-1.,6.60149409939568E-17,0.));
#1682=DIRECTION('',(-6.60149409939568E-17,-1.,0.));
#1683=DIRECTION('',(-1.,6.60149409939568E-17,0.));
#1684=DIRECTION('',(-6.60149409939568E-17,-1.,0.));
#1685=DIRECTION('',(-1.,6.60149409939568E-17,0.));
#1686=DIRECTION('',(-6.60149409939568E-17,-1.,0.));
#1687=DIRECTION('',(-1.,6.60149409939568E-17,0.));
#1688=DIRECTION('',(-6.60149409939568E-17,-1.,0.));
#1689=DIRECTION('',(-1.,6.60149409939568E-17,0.));
#1690=DIRECTION('',(-6.60149409939568E-17,-1.,0.));
#1691=DIRECTION('',(6.60149409939568E-17,1.,0.));
#1692=DIRECTION('',(0.,0.,-1.));
#1693=DIRECTION('',(1.,0.,0.));
#1694=DIRECTION('',(1.,0.,0.));
#1695=DIRECTION('',(0.,0.,-1.));
#1696=DIRECTION('',(0.,1.,0.));
#1697=DIRECTION('',(0.,1.,0.));
#1698=DIRECTION('',(0.,1.,0.));
#1699=DIRECTION('',(0.,0.,1.));
#1700=DIRECTION('',(0.,1.,0.));
#1701=DIRECTION('',(0.,0.,-1.));
#1702=DIRECTION('',(-1.,0.,0.));
#1703=DIRECTION('',(0.,1.,0.));
#1704=DIRECTION('',(0.,1.,0.));
#1705=DIRECTION('',(0.,0.,1.));
#1706=DIRECTION('',(0.,1.,0.));
#1707=DIRECTION('',(1.,0.,0.));
#1708=DIRECTION('',(0.,0.,-1.));
#1709=DIRECTION('',(0.,1.,0.));
#1710=DIRECTION('',(0.,1.,0.));
#1711=DIRECTION('',(0.,0.,1.));
#1712=DIRECTION('',(0.,1.,0.));
#1713=DIRECTION('',(0.,0.,-1.));
#1714=DIRECTION('',(-1.,0.,0.));
#1715=DIRECTION('',(0.,1.,0.));
#1716=DIRECTION('',(0.,1.,0.));
#1717=DIRECTION('',(0.,0.,1.));
#1718=DIRECTION('',(0.,0.,-1.));
#1719=DIRECTION('',(-1.,0.,0.));
#1720=DIRECTION('',(0.,0.,-1.));
#1721=DIRECTION('',(-1.,0.,0.));
#1722=DIRECTION('',(0.,0.,-1.));
#1723=DIRECTION('',(-1.,0.,0.));
#1724=DIRECTION('',(0.,0.,-1.));
#1725=DIRECTION('',(-1.,0.,0.));
#1726=DIRECTION('',(-1.,6.60149409939568E-17,0.));
#1727=DIRECTION('',(-6.60149409939568E-17,-1.,0.));
#1728=DIRECTION('',(-1.,6.60149409939568E-17,0.));
#1729=DIRECTION('',(-6.60149409939568E-17,-1.,0.));
#1730=DIRECTION('',(-1.,6.60149409939568E-17,0.));
#1731=DIRECTION('',(-6.60149409939568E-17,-1.,0.));
#1732=DIRECTION('',(-1.,6.60149409939568E-17,0.));
#1733=DIRECTION('',(-6.60149409939568E-17,-1.,0.));
#1734=DIRECTION('',(-1.,6.60149409939568E-17,0.));
#1735=DIRECTION('',(-6.60149409939568E-17,-1.,0.));
#1736=DIRECTION('',(-1.,6.60149409939568E-17,0.));
#1737=DIRECTION('',(-6.60149409939568E-17,-1.,0.));
#1738=DIRECTION('',(-1.,6.60149409939568E-17,0.));
#1739=DIRECTION('',(-6.60149409939568E-17,-1.,0.));
#1740=DIRECTION('',(-1.,6.60149409939568E-17,0.));
#1741=DIRECTION('',(-6.60149409939568E-17,-1.,0.));
#1742=DIRECTION('',(-1.,6.60149409939568E-17,0.));
#1743=DIRECTION('',(-6.60149409939568E-17,-1.,0.));
#1744=DIRECTION('',(-1.,6.60149409939568E-17,0.));
#1745=DIRECTION('',(-6.60149409939568E-17,-1.,0.));
#1746=DIRECTION('',(-1.,6.60149409939568E-17,0.));
#1747=DIRECTION('',(-6.60149409939568E-17,-1.,0.));
#1748=DIRECTION('',(-1.,6.60149409939568E-17,0.));
#1749=DIRECTION('',(-6.60149409939568E-17,-1.,0.));
#1750=DIRECTION('',(-1.,6.60149409939568E-17,0.));
#1751=DIRECTION('',(-6.60149409939568E-17,-1.,0.));
#1752=DIRECTION('',(-1.,6.60149409939568E-17,0.));
#1753=DIRECTION('',(-6.60149409939568E-17,-1.,0.));
#1754=DIRECTION('',(-1.,6.60149409939568E-17,0.));
#1755=DIRECTION('',(-6.60149409939568E-17,-1.,0.));
#1756=DIRECTION('',(-1.,6.60149409939568E-17,0.));
#1757=DIRECTION('',(-6.60149409939568E-17,-1.,0.));
#1758=DIRECTION('',(-1.,6.60149409939568E-17,0.));
#1759=DIRECTION('',(-6.60149409939568E-17,-1.,0.));
#1760=DIRECTION('',(-1.,6.60149409939568E-17,0.));
#1761=DIRECTION('',(-6.60149409939568E-17,-1.,0.));
#1762=DIRECTION('',(-1.,6.60149409939568E-17,0.));
#1763=DIRECTION('',(-6.60149409939568E-17,-1.,0.));
#1764=DIRECTION('',(-1.,6.60149409939568E-17,0.));
#1765=DIRECTION('',(-6.60149409939568E-17,-1.,0.));
#1766=DIRECTION('',(-1.,6.60149409939568E-17,0.));
#1767=DIRECTION('',(-6.60149409939568E-17,-1.,0.));
#1768=DIRECTION('',(-1.,6.60149409939568E-17,0.));
#1769=DIRECTION('',(-6.60149409939568E-17,-1.,0.));
#1770=DIRECTION('',(-1.,6.60149409939568E-17,0.));
#1771=DIRECTION('',(-6.60149409939568E-17,-1.,0.));
#1772=DIRECTION('',(-1.,6.60149409939568E-17,0.));
#1773=DIRECTION('',(-6.60149409939568E-17,-1.,0.));
#1774=DIRECTION('',(-1.,6.60149409939568E-17,0.));
#1775=DIRECTION('',(-6.60149409939568E-17,-1.,0.));
#1776=DIRECTION('',(-1.,6.60149409939568E-17,0.));
#1777=DIRECTION('',(-6.60149409939568E-17,-1.,0.));
#1778=DIRECTION('',(-1.,6.60149409939568E-17,0.));
#1779=DIRECTION('',(-6.60149409939568E-17,-1.,0.));
#1780=DIRECTION('',(-1.,6.60149409939568E-17,0.));
#1781=DIRECTION('',(-6.60149409939568E-17,-1.,0.));
#1782=DIRECTION('',(-1.,6.60149409939568E-17,0.));
#1783=DIRECTION('',(-6.60149409939568E-17,-1.,0.));
#1784=DIRECTION('',(-1.,6.60149409939568E-17,0.));
#1785=DIRECTION('',(-6.60149409939568E-17,-1.,0.));
#1786=DIRECTION('',(-1.,6.60149409939568E-17,0.));
#1787=DIRECTION('',(-6.60149409939568E-17,-1.,0.));
#1788=DIRECTION('',(-1.,6.60149409939568E-17,0.));
#1789=DIRECTION('',(-6.60149409939568E-17,-1.,0.));
#1790=DIRECTION('',(-1.,6.60149409939568E-17,0.));
#1791=DIRECTION('',(-6.60149409939568E-17,-1.,0.));
#1792=DIRECTION('',(-1.,6.60149409939568E-17,0.));
#1793=DIRECTION('',(-6.60149409939568E-17,-1.,0.));
#1794=DIRECTION('',(1.42482419097994E-16,-1.,0.));
#1795=DIRECTION('',(1.,1.42482419097994E-16,0.));
#1796=DIRECTION('',(6.81063533815555E-16,9.70395798574685E-32,-1.));
#1797=DIRECTION('',(-1.,-1.42482419097994E-16,-1.22249713581514E-16));
#1798=DIRECTION('',(3.40531766907777E-16,4.85197899287343E-32,-1.));
#1799=DIRECTION('',(-1.,-1.42482419097994E-16,-4.88998854326057E-16));
#1800=DIRECTION('',(1.42482419097994E-16,-1.,0.));
#1801=DIRECTION('',(1.,1.42482419097994E-16,0.));
#1802=DIRECTION('',(1.,1.42482419097994E-16,0.));
#1803=DIRECTION('',(0.,0.,-1.));
#1804=DIRECTION('',(1.,1.42482419097994E-16,0.));
#1805=DIRECTION('',(0.,0.,-1.));
#1806=DIRECTION('',(-2.45024121142354E-16,-0.707106781186546,0.707106781186549));
#1807=DIRECTION('',(-1.,-1.42482419097994E-16,-4.88998854326057E-16));
#1808=DIRECTION('',(-0.577350269189627,0.577350269189627,0.577350269189624));
#1809=DIRECTION('',(-0.577350269189627,-0.577350269189627,-0.577350269189624));
#1810=DIRECTION('',(-0.707106781186547,0.707106781186548,-4.81584643179852E-16));
#1811=DIRECTION('',(-6.81063533815555E-16,-9.70395798574685E-32,1.));
#1812=DIRECTION('',(-0.577350269189627,-0.577350269189626,0.577350269189625));
#1813=DIRECTION('',(-0.707106781186548,-0.707106781186547,-2.40792321589926E-16));
#1814=DIRECTION('',(3.40531766907777E-16,4.85197899287343E-32,-1.));
#1815=DIRECTION('',(0.577350269189625,-0.577350269189626,0.577350269189626));
#1816=DIRECTION('',(-1.87193886215657E-16,0.707106781186547,0.707106781186548));
#1817=DIRECTION('',(1.,1.42482419097994E-16,1.22249713581514E-16));
#1818=DIRECTION('',(-0.707106781186548,-0.707106781186548,0.));
#1819=DIRECTION('',(0.,0.,-1.));
#1820=DIRECTION('',(0.577350269189626,-0.577350269189626,0.577350269189626));
#1821=DIRECTION('',(-0.577350269189626,0.577350269189626,0.577350269189625));
#1822=DIRECTION('',(-1.00750284744055E-16,0.707106781186547,-0.707106781186548));
#1823=DIRECTION('',(-1.,-1.42482419097994E-16,0.));
#1824=DIRECTION('',(-0.577350269189626,-0.577350269189626,-0.577350269189625));
#1825=DIRECTION('',(1.00750284744055E-16,-0.707106781186548,-0.707106781186548));
#1826=DIRECTION('',(1.,1.42482419097994E-16,0.));
#1827=DIRECTION('',(-0.577350269189626,-0.577350269189626,0.577350269189626));
#1828=DIRECTION('',(-0.707106781186548,0.707106781186548,0.));
#1829=DIRECTION('',(0.,0.,1.));
#1830=CARTESIAN_POINT('',(0.,0.,0.));
#1831=CARTESIAN_POINT('',(0.011508022606045,-0.007882316484633,0.012116050800102));
#1832=CARTESIAN_POINT('',(0.013460342806045,-0.007882316484633,0.012116050800102));
#1833=CARTESIAN_POINT('',(0.013460342806045,-0.007882316484633,0.011433730600102));
#1834=CARTESIAN_POINT('',(0.013460342806045,-0.007882316484633,7.00500001020005E-5));
#1835=CARTESIAN_POINT('',(0.021143022770688,-0.007882316484633,7.00500001020014E-5));
#1836=CARTESIAN_POINT('',(0.021730702570688,-0.007882316484633,7.00500001020015E-5));
#1837=CARTESIAN_POINT('',(0.021730702570688,-0.007882316484633,0.010846050800102));
#1838=CARTESIAN_POINT('',(0.021730702570688,-0.007882316484633,0.011433730600102));
#1839=CARTESIAN_POINT('',(0.011508022606045,-0.007882316484633,0.011433730600102));
#1840=CARTESIAN_POINT('',(0.011508022606045,-0.007882316484633,7.00500001019986E-5));
#1841=CARTESIAN_POINT('',(0.001285342641402,-0.007882316484633,7.00500001019986E-5));
#1842=CARTESIAN_POINT('',(0.009555702406045,-0.007882316484633,7.00500001019986E-5));
#1843=CARTESIAN_POINT('',(0.009555702406045,-0.007882316484633,0.010846050800102));
#1844=CARTESIAN_POINT('',(0.009555702406045,-0.007882316484633,0.011433730600102));
#1845=CARTESIAN_POINT('',(0.001873022441402,-0.007882316484633,0.011433730600102));
#1846=CARTESIAN_POINT('',(0.001285342641402,-0.007882316484633,0.011433730600102));
#1847=CARTESIAN_POINT('',(0.001285342641402,-0.007882316484633,0.012116050800102));
#1848=CARTESIAN_POINT('',(0.011508022606045,-0.007882316484633,-0.000612270599898));
#1849=CARTESIAN_POINT('',(0.022695344170688,-0.007882316484633,-0.000612270599898));
#1850=CARTESIAN_POINT('',(0.000320701041402002,-0.007882316484633,-0.000612270599898));
#1851=CARTESIAN_POINT('',(0.000320701041402002,-0.007882316484633,0.012116050800102));
#1852=CARTESIAN_POINT('',(0.000320701041402002,-0.007882316484633,0.012116050800102));
#1853=CARTESIAN_POINT('',(0.011508022606045,-0.007882316484633,0.012116050800102));
#1854=CARTESIAN_POINT('',(0.022695344170688,-0.007882316484633,0.012116050800102));
#1855=CARTESIAN_POINT('',(0.022695344170688,-0.007882316484633,0.012116050800102));
#1856=CARTESIAN_POINT('',(0.011508022606045,0.036128371856744,0.012116050800102));
#1857=CARTESIAN_POINT('',(0.011508022606045,0.036128371856744,-0.000612270599898));
#1858=CARTESIAN_POINT('',(0.000320701041402004,0.036128371856744,-0.000612270599898));
#1859=CARTESIAN_POINT('',(0.022695344170688,0.036128371856744,-0.000612270599898));
#1860=CARTESIAN_POINT('',(0.022695344170688,0.036128371856744,0.012116050800102));
#1861=CARTESIAN_POINT('',(0.022695344170688,0.036128371856744,0.012116050800102));
#1862=CARTESIAN_POINT('',(0.011508022606045,0.036128371856744,0.012116050800102));
#1863=CARTESIAN_POINT('',(0.000320701041402004,0.036128371856744,0.012116050800102));
#1864=CARTESIAN_POINT('',(0.000320701041402004,0.036128371856744,0.012116050800102));
#1865=CARTESIAN_POINT('',(0.007008022606045,0.036128371856744,0.012116050800102));
#1866=CARTESIAN_POINT('',(0.007008022606045,0.036128371856744,0.007190050800102));
#1867=CARTESIAN_POINT('',(0.007008022606045,0.036128371856744,0.005340050800102));
#1868=CARTESIAN_POINT('',(0.007708022606045,0.036128371856744,0.007190050800102));
#1869=CARTESIAN_POINT('',(0.007708022606045,0.036128371856744,0.007890050800102));
#1870=CARTESIAN_POINT('',(0.011508022606045,0.036128371856744,0.007890050800102));
#1871=CARTESIAN_POINT('',(0.015308022606045,0.036128371856744,0.007890050800102));
#1872=CARTESIAN_POINT('',(0.015308022606045,0.036128371856744,0.007190050800102));
#1873=CARTESIAN_POINT('',(0.016008022606045,0.036128371856744,0.007190050800102));
#1874=CARTESIAN_POINT('',(0.016008022606045,0.036128371856744,0.012116050800102));
#1875=CARTESIAN_POINT('',(0.016008022606045,0.036128371856744,0.005340050800102));
#1876=CARTESIAN_POINT('',(0.015308022606045,0.036128371856744,0.005340050800102));
#1877=CARTESIAN_POINT('',(0.015308022606045,0.036128371856744,0.004640050800102));
#1878=CARTESIAN_POINT('',(0.011508022606045,0.036128371856744,0.004640050800102));
#1879=CARTESIAN_POINT('',(0.007708022606045,0.036128371856744,0.004640050800102));
#1880=CARTESIAN_POINT('',(0.007708022606045,0.036128371856744,0.005340050800102));
#1881=CARTESIAN_POINT('',(0.011508022606045,0.037116050456744,0.012116050800102));
#1882=CARTESIAN_POINT('',(0.007708022606045,0.037116050456744,0.007190050800102));
#1883=CARTESIAN_POINT('',(0.007008022606045,0.037116050456744,0.007190050800102));
#1884=CARTESIAN_POINT('',(0.007708022606045,0.037116050456744,0.007890050800102));
#1885=CARTESIAN_POINT('',(0.007008022606045,0.037116050456744,0.006265050800102));
#1886=CARTESIAN_POINT('',(0.007008022606045,0.037116050456744,0.005340050800102));
#1887=CARTESIAN_POINT('',(0.007708022606045,0.037116050456744,0.005340050800102));
#1888=CARTESIAN_POINT('',(0.007708022606045,0.037116050456744,0.004640050800102));
#1889=CARTESIAN_POINT('',(0.011508022606045,0.037116050456744,0.004640050800102));
#1890=CARTESIAN_POINT('',(0.015308022606045,0.037116050456744,0.004640050800102));
#1891=CARTESIAN_POINT('',(0.015308022606045,0.037116050456744,0.005340050800102));
#1892=CARTESIAN_POINT('',(0.016008022606045,0.037116050456744,0.005340050800102));
#1893=CARTESIAN_POINT('',(0.016008022606045,0.037116050456744,0.006265050800102));
#1894=CARTESIAN_POINT('',(0.016008022606045,0.037116050456744,0.007190050800102));
#1895=CARTESIAN_POINT('',(0.015308022606045,0.037116050456744,0.007190050800102));
#1896=CARTESIAN_POINT('',(0.015308022606045,0.037116050456744,0.007890050800102));
#1897=CARTESIAN_POINT('',(0.011508022606045,0.037116050456744,0.007890050800102));
#1898=CARTESIAN_POINT('',(0.011508022606045,0.037116050456744,0.012116050800102));
#1899=CARTESIAN_POINT('',(0.000603022441402005,0.037116050456744,0.012116050800102));
#1900=CARTESIAN_POINT('',(0.022413022770688,0.037116050456744,0.012116050800102));
#1901=CARTESIAN_POINT('',(0.022413022770688,0.037116050456744,0.012116050800102));
#1902=CARTESIAN_POINT('',(0.022413022770688,0.037116050456744,-0.001599949199898));
#1903=CARTESIAN_POINT('',(0.011508022606045,0.037116050456744,-0.001599949199898));
#1904=CARTESIAN_POINT('',(0.000603022441402005,0.037116050456744,-0.001599949199898));
#1905=CARTESIAN_POINT('',(0.000603022441402005,0.037116050456744,0.012116050800102));
#1906=CARTESIAN_POINT('',(0.023683022770688,0.0141230276860555,0.012116050800102));
#1907=CARTESIAN_POINT('',(0.023683022770688,0.00228551234933806,0.005500050584668));
#1908=CARTESIAN_POINT('',(0.023683022770688,0.00292051234933806,0.005500050584668));
#1909=CARTESIAN_POINT('',(0.023683022770688,0.00419051234933806,0.005500050584668));
#1910=CARTESIAN_POINT('',(0.023683022770688,0.00482551234933807,0.005500050584668));
#1911=CARTESIAN_POINT('',(0.023683022770688,0.00514301234933807,0.00714982897887736));
#1912=CARTESIAN_POINT('',(0.023683022770688,0.00577801234933807,0.00714982897887736));
#1913=CARTESIAN_POINT('',(0.023683022770688,0.00514301234933807,0.00385027219045865));
#1914=CARTESIAN_POINT('',(0.023683022770688,0.00577801234933807,0.00385027219045865));
#1915=CARTESIAN_POINT('',(0.023683022770688,0.00133301234933806,0.00714982897887736));
#1916=CARTESIAN_POINT('',(0.023683022770688,0.00196801234933806,0.00714982897887736));
#1917=CARTESIAN_POINT('',(0.023683022770688,0.00228551234933806,0.00879960737308672));
#1918=CARTESIAN_POINT('',(0.023683022770688,0.00292051234933807,0.00879960737308672));
#1919=CARTESIAN_POINT('',(0.023683022770688,0.00419051234933807,0.00879960737308672));
#1920=CARTESIAN_POINT('',(0.023683022770688,0.00482551234933807,0.00879960737308672));
#1921=CARTESIAN_POINT('',(0.023683022770688,0.00800051234933807,0.00879960737308671));
#1922=CARTESIAN_POINT('',(0.023683022770688,0.00863551234933807,0.00879960737308671));
#1923=CARTESIAN_POINT('',(0.023683022770688,0.00895301234933807,0.00714982897887736));
#1924=CARTESIAN_POINT('',(0.023683022770688,0.00958801234933807,0.00714982897887736));
#1925=CARTESIAN_POINT('',(0.023683022770688,0.0108580123493381,0.00714982897887736));
#1926=CARTESIAN_POINT('',(0.023683022770688,0.0114930123493381,0.00714982897887736));
#1927=CARTESIAN_POINT('',(0.023683022770688,0.00990551234933807,0.005500050584668));
#1928=CARTESIAN_POINT('',(0.023683022770688,0.0105405123493381,0.005500050584668));
#1929=CARTESIAN_POINT('',(0.023683022770688,0.00800051234933807,0.005500050584668));
#1930=CARTESIAN_POINT('',(0.023683022770688,0.00863551234933807,0.005500050584668));
#1931=CARTESIAN_POINT('',(0.023683022770688,0.00609551234933807,0.005500050584668));
#1932=CARTESIAN_POINT('',(0.023683022770688,0.00673051234933807,0.005500050584668));
#1933=CARTESIAN_POINT('',(0.023683022770688,0.00323801234933807,0.00714982897887736));
#1934=CARTESIAN_POINT('',(0.023683022770688,0.00387301234933807,0.00714982897887736));
#1935=CARTESIAN_POINT('',(0.023683022770688,0.00704801234933807,0.00714982897887736));
#1936=CARTESIAN_POINT('',(0.023683022770688,0.00768301234933807,0.00714982897887736));
#1937=CARTESIAN_POINT('',(0.023683022770688,0.00704801234933807,0.00385027219045865));
#1938=CARTESIAN_POINT('',(0.023683022770688,0.00768301234933807,0.00385027219045865));
#1939=CARTESIAN_POINT('',(0.023683022770688,0.00990551234933807,0.00879960737308671));
#1940=CARTESIAN_POINT('',(0.023683022770688,0.0105405123493381,0.00879960737308671));
#1941=CARTESIAN_POINT('',(0.023683022770688,0.0141230276860555,-0.001599949199898));
#1942=CARTESIAN_POINT('',(0.023683022770688,0.035846050456744,-0.001599949199898));
#1943=CARTESIAN_POINT('',(0.023683022770688,-0.007599995084633,-0.001599949199898));
#1944=CARTESIAN_POINT('',(0.023683022770688,0.035846050456744,0.012116050800102));
#1945=CARTESIAN_POINT('',(0.023683022770688,0.035846050456744,0.012116050800102));
#1946=CARTESIAN_POINT('',(0.023683022770688,0.0141230276860555,0.012116050800102));
#1947=CARTESIAN_POINT('',(0.023683022770688,-0.007599995084633,0.012116050800102));
#1948=CARTESIAN_POINT('',(0.023683022770688,-0.007599995084633,0.012116050800102));
#1949=CARTESIAN_POINT('',(0.011508022606045,-0.008869995084633,0.012116050800102));
#1950=CARTESIAN_POINT('',(0.011508022606045,-0.008869995084633,-0.001599949199898));
#1951=CARTESIAN_POINT('',(0.022413022770688,-0.008869995084633,-0.001599949199898));
#1952=CARTESIAN_POINT('',(0.000603022441402002,-0.008869995084633,-0.001599949199898));
#1953=CARTESIAN_POINT('',(0.022413022770688,-0.008869995084633,0.012116050800102));
#1954=CARTESIAN_POINT('',(0.022413022770688,-0.008869995084633,0.012116050800102));
#1955=CARTESIAN_POINT('',(0.011508022606045,-0.008869995084633,0.012116050800102));
#1956=CARTESIAN_POINT('',(0.000603022441402002,-0.008869995084633,0.012116050800102));
#1957=CARTESIAN_POINT('',(0.000603022441402002,-0.008869995084633,0.012116050800102));
#1958=CARTESIAN_POINT('',(-0.000666977558597997,0.0141230276860555,0.012116050800102));
#1959=CARTESIAN_POINT('',(-0.000666977558597998,0.00228551234933806,0.005500050584668));
#1960=CARTESIAN_POINT('',(-0.000666977558597998,0.00165051234933806,0.005500050584668));
#1961=CARTESIAN_POINT('',(-0.000666977558597998,0.00419051234933806,0.005500050584668));
#1962=CARTESIAN_POINT('',(-0.000666977558597998,0.00355551234933806,0.005500050584668));
#1963=CARTESIAN_POINT('',(-0.000666977558597998,0.00514301234933807,0.00714982897887736));
#1964=CARTESIAN_POINT('',(-0.000666977558597998,0.00450801234933807,0.00714982897887736));
#1965=CARTESIAN_POINT('',(-0.000666977558597998,0.00514301234933807,0.00385027219045865));
#1966=CARTESIAN_POINT('',(-0.000666977558597998,0.00450801234933807,0.00385027219045865));
#1967=CARTESIAN_POINT('',(-0.000666977558597998,0.00133301234933806,0.00714982897887736));
#1968=CARTESIAN_POINT('',(-0.000666977558597998,0.000698012349338062,0.00714982897887736));
#1969=CARTESIAN_POINT('',(-0.000666977558597998,0.00228551234933806,0.00879960737308672));
#1970=CARTESIAN_POINT('',(-0.000666977558597998,0.00165051234933806,0.00879960737308672));
#1971=CARTESIAN_POINT('',(-0.000666977558597998,0.00419051234933807,0.00879960737308672));
#1972=CARTESIAN_POINT('',(-0.000666977558597998,0.00355551234933807,0.00879960737308672));
#1973=CARTESIAN_POINT('',(-0.000666977558597998,0.00800051234933807,0.00879960737308671));
#1974=CARTESIAN_POINT('',(-0.000666977558597998,0.00736551234933807,0.00879960737308671));
#1975=CARTESIAN_POINT('',(-0.000666977558597998,0.00895301234933807,0.00714982897887736));
#1976=CARTESIAN_POINT('',(-0.000666977558597998,0.00831801234933807,0.00714982897887736));
#1977=CARTESIAN_POINT('',(-0.000666977558597998,0.0108580123493381,0.00714982897887736));
#1978=CARTESIAN_POINT('',(-0.000666977558597998,0.0102230123493381,0.00714982897887736));
#1979=CARTESIAN_POINT('',(-0.000666977558597998,0.00990551234933807,0.005500050584668));
#1980=CARTESIAN_POINT('',(-0.000666977558597998,0.00927051234933807,0.005500050584668));
#1981=CARTESIAN_POINT('',(-0.000666977558597998,0.00800051234933807,0.005500050584668));
#1982=CARTESIAN_POINT('',(-0.000666977558597998,0.00736551234933807,0.005500050584668));
#1983=CARTESIAN_POINT('',(-0.000666977558597998,0.00609551234933807,0.005500050584668));
#1984=CARTESIAN_POINT('',(-0.000666977558597998,0.00546051234933807,0.005500050584668));
#1985=CARTESIAN_POINT('',(-0.000666977558597998,0.00323801234933807,0.00714982897887736));
#1986=CARTESIAN_POINT('',(-0.000666977558597998,0.00260301234933807,0.00714982897887736));
#1987=CARTESIAN_POINT('',(-0.000666977558597998,0.00704801234933807,0.00714982897887736));
#1988=CARTESIAN_POINT('',(-0.000666977558597998,0.00641301234933807,0.00714982897887736));
#1989=CARTESIAN_POINT('',(-0.000666977558597998,0.00704801234933807,0.00385027219045865));
#1990=CARTESIAN_POINT('',(-0.000666977558597998,0.00641301234933807,0.00385027219045865));
#1991=CARTESIAN_POINT('',(-0.000666977558597998,0.00990551234933807,0.00879960737308671));
#1992=CARTESIAN_POINT('',(-0.000666977558597998,0.00927051234933807,0.00879960737308671));
#1993=CARTESIAN_POINT('',(-0.000666977558597997,0.0141230276860555,-0.001599949199898));
#1994=CARTESIAN_POINT('',(-0.000666977558597999,-0.007599995084633,-0.001599949199898));
#1995=CARTESIAN_POINT('',(-0.000666977558597996,0.035846050456744,-0.001599949199898));
#1996=CARTESIAN_POINT('',(-0.000666977558597999,-0.007599995084633,0.012116050800102));
#1997=CARTESIAN_POINT('',(-0.000666977558597999,-0.007599995084633,0.012116050800102));
#1998=CARTESIAN_POINT('',(-0.000666977558597997,0.0141230276860555,0.012116050800102));
#1999=CARTESIAN_POINT('',(-0.000666977558597996,0.035846050456744,0.012116050800102));
#2000=CARTESIAN_POINT('',(-0.000666977558597996,0.035846050456744,0.012116050800102));
#2001=CARTESIAN_POINT('',(0.011508022606045,0.0141230276860555,0.012116050800102));
#2002=CARTESIAN_POINT('',(0.000320701041402003,0.0141230276860555,0.012116050800102));
#2003=CARTESIAN_POINT('',(0.022695344170688,0.0141230276860555,0.012116050800102));
#2004=CARTESIAN_POINT('',(0.022413022770688,0.035846050456744,0.012116050800102));
#2005=CARTESIAN_POINT('',(0.000603022441402004,0.035846050456744,0.012116050800102));
#2006=CARTESIAN_POINT('',(0.000603022441402002,-0.007599995084633,0.012116050800102));
#2007=CARTESIAN_POINT('',(0.022413022770688,-0.007599995084633,0.012116050800102));
#2008=CARTESIAN_POINT('',(0.011508022606045,0.0141230276860555,-0.001599949199898));
#2009=CARTESIAN_POINT('',(0.022413022770688,0.035846050456744,-0.001599949199898));
#2010=CARTESIAN_POINT('',(0.022413022770688,-0.007599995084633,-0.001599949199898));
#2011=CARTESIAN_POINT('',(0.000603022441402002,-0.007599995084633,-0.001599949199898));
#2012=CARTESIAN_POINT('',(0.000603022441402004,0.035846050456744,-0.001599949199898));
#2013=CARTESIAN_POINT('',(0.022695344170688,0.0141230276860555,0.012116050800102));
#2014=CARTESIAN_POINT('',(0.022695344170688,0.00228551234933806,0.005500050584668));
#2015=CARTESIAN_POINT('',(0.022695344170688,0.00292051234933806,0.005500050584668));
#2016=CARTESIAN_POINT('',(0.022695344170688,0.00419051234933806,0.005500050584668));
#2017=CARTESIAN_POINT('',(0.022695344170688,0.00482551234933807,0.005500050584668));
#2018=CARTESIAN_POINT('',(0.022695344170688,0.00514301234933807,0.00714982897887736));
#2019=CARTESIAN_POINT('',(0.022695344170688,0.00577801234933807,0.00714982897887736));
#2020=CARTESIAN_POINT('',(0.022695344170688,0.00514301234933807,0.00385027219045865));
#2021=CARTESIAN_POINT('',(0.022695344170688,0.00577801234933807,0.00385027219045865));
#2022=CARTESIAN_POINT('',(0.022695344170688,0.00133301234933806,0.00714982897887736));
#2023=CARTESIAN_POINT('',(0.022695344170688,0.00196801234933806,0.00714982897887736));
#2024=CARTESIAN_POINT('',(0.022695344170688,0.00228551234933806,0.00879960737308672));
#2025=CARTESIAN_POINT('',(0.022695344170688,0.00292051234933807,0.00879960737308672));
#2026=CARTESIAN_POINT('',(0.022695344170688,0.00419051234933807,0.00879960737308672));
#2027=CARTESIAN_POINT('',(0.022695344170688,0.00482551234933807,0.00879960737308672));
#2028=CARTESIAN_POINT('',(0.022695344170688,0.00800051234933807,0.00879960737308671));
#2029=CARTESIAN_POINT('',(0.022695344170688,0.00863551234933807,0.00879960737308671));
#2030=CARTESIAN_POINT('',(0.022695344170688,0.00895301234933807,0.00714982897887736));
#2031=CARTESIAN_POINT('',(0.022695344170688,0.00958801234933807,0.00714982897887736));
#2032=CARTESIAN_POINT('',(0.022695344170688,0.0108580123493381,0.00714982897887736));
#2033=CARTESIAN_POINT('',(0.022695344170688,0.0114930123493381,0.00714982897887736));
#2034=CARTESIAN_POINT('',(0.022695344170688,0.00990551234933807,0.005500050584668));
#2035=CARTESIAN_POINT('',(0.022695344170688,0.0105405123493381,0.005500050584668));
#2036=CARTESIAN_POINT('',(0.022695344170688,0.00800051234933807,0.005500050584668));
#2037=CARTESIAN_POINT('',(0.022695344170688,0.00863551234933807,0.005500050584668));
#2038=CARTESIAN_POINT('',(0.022695344170688,0.00609551234933807,0.005500050584668));
#2039=CARTESIAN_POINT('',(0.022695344170688,0.00673051234933807,0.005500050584668));
#2040=CARTESIAN_POINT('',(0.022695344170688,0.00323801234933807,0.00714982897887736));
#2041=CARTESIAN_POINT('',(0.022695344170688,0.00387301234933807,0.00714982897887736));
#2042=CARTESIAN_POINT('',(0.022695344170688,0.00704801234933807,0.00714982897887736));
#2043=CARTESIAN_POINT('',(0.022695344170688,0.00768301234933807,0.00714982897887736));
#2044=CARTESIAN_POINT('',(0.022695344170688,0.00704801234933807,0.00385027219045865));
#2045=CARTESIAN_POINT('',(0.022695344170688,0.00768301234933807,0.00385027219045865));
#2046=CARTESIAN_POINT('',(0.022695344170688,0.00990551234933807,0.00879960737308671));
#2047=CARTESIAN_POINT('',(0.022695344170688,0.0105405123493381,0.00879960737308671));
#2048=CARTESIAN_POINT('',(0.022695344170688,0.0141230276860555,-0.000612270599898));
#2049=CARTESIAN_POINT('',(0.000320701041402003,0.0141230276860555,0.012116050800102));
#2050=CARTESIAN_POINT('',(0.000320701041402,0.00228551234933806,0.005500050584668));
#2051=CARTESIAN_POINT('',(0.000320701041401999,0.00165051234933806,0.005500050584668));
#2052=CARTESIAN_POINT('',(0.000320701041402,0.00419051234933806,0.005500050584668));
#2053=CARTESIAN_POINT('',(0.000320701041401999,0.00355551234933806,0.005500050584668));
#2054=CARTESIAN_POINT('',(0.000320701041402,0.00514301234933807,0.00714982897887736));
#2055=CARTESIAN_POINT('',(0.000320701041401999,0.00450801234933807,0.00714982897887736));
#2056=CARTESIAN_POINT('',(0.000320701041402,0.00514301234933807,0.00385027219045865));
#2057=CARTESIAN_POINT('',(0.000320701041401999,0.00450801234933807,0.00385027219045865));
#2058=CARTESIAN_POINT('',(0.000320701041402,0.00133301234933806,0.00714982897887736));
#2059=CARTESIAN_POINT('',(0.000320701041401999,0.000698012349338062,0.00714982897887736));
#2060=CARTESIAN_POINT('',(0.000320701041402,0.00228551234933806,0.00879960737308672));
#2061=CARTESIAN_POINT('',(0.000320701041401999,0.00165051234933806,0.00879960737308672));
#2062=CARTESIAN_POINT('',(0.000320701041402,0.00419051234933807,0.00879960737308672));
#2063=CARTESIAN_POINT('',(0.000320701041401999,0.00355551234933807,0.00879960737308672));
#2064=CARTESIAN_POINT('',(0.000320701041402,0.00800051234933807,0.00879960737308671));
#2065=CARTESIAN_POINT('',(0.000320701041401999,0.00736551234933807,0.00879960737308671));
#2066=CARTESIAN_POINT('',(0.000320701041402,0.00895301234933807,0.00714982897887736));
#2067=CARTESIAN_POINT('',(0.000320701041401999,0.00831801234933807,0.00714982897887736));
#2068=CARTESIAN_POINT('',(0.000320701041402,0.0108580123493381,0.00714982897887736));
#2069=CARTESIAN_POINT('',(0.000320701041401999,0.0102230123493381,0.00714982897887736));
#2070=CARTESIAN_POINT('',(0.000320701041402,0.00990551234933807,0.005500050584668));
#2071=CARTESIAN_POINT('',(0.000320701041401999,0.00927051234933807,0.005500050584668));
#2072=CARTESIAN_POINT('',(0.000320701041402,0.00800051234933807,0.005500050584668));
#2073=CARTESIAN_POINT('',(0.000320701041401999,0.00736551234933807,0.005500050584668));
#2074=CARTESIAN_POINT('',(0.000320701041402,0.00609551234933807,0.005500050584668));
#2075=CARTESIAN_POINT('',(0.000320701041401999,0.00546051234933807,0.005500050584668));
#2076=CARTESIAN_POINT('',(0.000320701041402,0.00323801234933807,0.00714982897887736));
#2077=CARTESIAN_POINT('',(0.000320701041401999,0.00260301234933807,0.00714982897887736));
#2078=CARTESIAN_POINT('',(0.000320701041402,0.00704801234933807,0.00714982897887736));
#2079=CARTESIAN_POINT('',(0.000320701041401999,0.00641301234933807,0.00714982897887736));
#2080=CARTESIAN_POINT('',(0.000320701041402,0.00704801234933807,0.00385027219045865));
#2081=CARTESIAN_POINT('',(0.000320701041401999,0.00641301234933807,0.00385027219045865));
#2082=CARTESIAN_POINT('',(0.000320701041402,0.00990551234933807,0.00879960737308671));
#2083=CARTESIAN_POINT('',(0.000320701041401999,0.00927051234933807,0.00879960737308671));
#2084=CARTESIAN_POINT('',(0.000320701041402003,0.0141230276860555,-0.000612270599898));
#2085=CARTESIAN_POINT('',(0.011508022606045,0.0141230276860555,-0.000612270599898));
#2086=CARTESIAN_POINT('',(0.007008022606045,0.011716050456744,0.006265050800102));
#2087=CARTESIAN_POINT('',(0.007008022606045,0.011716050456744,0.005340050800102));
#2088=CARTESIAN_POINT('',(0.007008022606045,0.011716050456744,0.007190050800102));
#2089=CARTESIAN_POINT('',(0.007708022606045,0.011716050456744,0.007190050800102));
#2090=CARTESIAN_POINT('',(0.007708022606045,0.011716050456744,0.007890050800102));
#2091=CARTESIAN_POINT('',(0.011508022606045,0.011716050456744,0.007890050800102));
#2092=CARTESIAN_POINT('',(0.015308022606045,0.011716050456744,0.007890050800102));
#2093=CARTESIAN_POINT('',(0.015308022606045,0.011716050456744,0.007190050800102));
#2094=CARTESIAN_POINT('',(0.016008022606045,0.011716050456744,0.007190050800102));
#2095=CARTESIAN_POINT('',(0.016008022606045,0.011716050456744,0.006265050800102));
#2096=CARTESIAN_POINT('',(0.016008022606045,0.011716050456744,0.005340050800102));
#2097=CARTESIAN_POINT('',(0.015308022606045,0.011716050456744,0.005340050800102));
#2098=CARTESIAN_POINT('',(0.015308022606045,0.011716050456744,0.004640050800102));
#2099=CARTESIAN_POINT('',(0.011508022606045,0.011716050456744,0.004640050800102));
#2100=CARTESIAN_POINT('',(0.007708022606045,0.011716050456744,0.004640050800102));
#2101=CARTESIAN_POINT('',(0.007708022606045,0.011716050456744,0.005340050800102));
#2102=CARTESIAN_POINT('',(0.022413022770688,0.035846050456744,0.012116050800102));
#2103=CARTESIAN_POINT('',(0.022413022770688,-0.007599995084633,0.012116050800102));
#2104=CARTESIAN_POINT('',(0.000603022441402002,-0.007599995084633,0.012116050800102));
#2105=CARTESIAN_POINT('',(0.000603022441402004,0.035846050456744,0.012116050800102));
#2106=CARTESIAN_POINT('',(0.0534929910154448,0.00990551234933807,0.00879960737308671));
#2107=CARTESIAN_POINT('',(0.0534929910154448,0.00704801234933807,0.00385027219045865));
#2108=CARTESIAN_POINT('',(0.0534929910154448,0.00704801234933807,0.00714982897887736));
#2109=CARTESIAN_POINT('',(0.0534929910154448,0.00323801234933807,0.00714982897887736));
#2110=CARTESIAN_POINT('',(0.0534929910154448,0.00609551234933807,0.005500050584668));
#2111=CARTESIAN_POINT('',(0.0534929910154448,0.00800051234933807,0.005500050584668));
#2112=CARTESIAN_POINT('',(0.0534929910154448,0.00990551234933807,0.005500050584668));
#2113=CARTESIAN_POINT('',(0.0534929910154448,0.0108580123493381,0.00714982897887736));
#2114=CARTESIAN_POINT('',(0.0534929910154448,0.00895301234933807,0.00714982897887736));
#2115=CARTESIAN_POINT('',(0.0534929910154448,0.00800051234933807,0.00879960737308671));
#2116=CARTESIAN_POINT('',(0.0534929910154448,0.00419051234933806,0.00879960737308672));
#2117=CARTESIAN_POINT('',(0.0534929910154448,0.00228551234933806,0.00879960737308672));
#2118=CARTESIAN_POINT('',(0.0534929910154448,0.00133301234933806,0.00714982897887736));
#2119=CARTESIAN_POINT('',(0.0534929910154448,0.00514301234933806,0.00385027219045865));
#2120=CARTESIAN_POINT('',(0.0534929910154448,0.00514301234933807,0.00714982897887736));
#2121=CARTESIAN_POINT('',(0.0534929910154448,0.00419051234933806,0.005500050584668));
#2122=CARTESIAN_POINT('',(0.0534929910154448,0.00228551234933806,0.005500050584668));
#2123=CARTESIAN_POINT('',(0.0534929910154448,0.00990551234933807,0.00879960737308671));
#2124=CARTESIAN_POINT('',(0.0534929910154448,0.00704801234933807,0.00385027219045865));
#2125=CARTESIAN_POINT('',(0.0534929910154448,0.00704801234933807,0.00714982897887736));
#2126=CARTESIAN_POINT('',(0.0534929910154448,0.00323801234933807,0.00714982897887736));
#2127=CARTESIAN_POINT('',(0.0534929910154448,0.00609551234933807,0.005500050584668));
#2128=CARTESIAN_POINT('',(0.0534929910154448,0.00800051234933807,0.005500050584668));
#2129=CARTESIAN_POINT('',(0.0534929910154448,0.00990551234933807,0.005500050584668));
#2130=CARTESIAN_POINT('',(0.0534929910154448,0.0108580123493381,0.00714982897887736));
#2131=CARTESIAN_POINT('',(0.0534929910154448,0.00895301234933807,0.00714982897887736));
#2132=CARTESIAN_POINT('',(0.0534929910154448,0.00800051234933807,0.00879960737308671));
#2133=CARTESIAN_POINT('',(0.0534929910154448,0.00419051234933806,0.00879960737308672));
#2134=CARTESIAN_POINT('',(0.0534929910154448,0.00228551234933806,0.00879960737308672));
#2135=CARTESIAN_POINT('',(0.0534929910154448,0.00133301234933806,0.00714982897887736));
#2136=CARTESIAN_POINT('',(0.0534929910154448,0.00514301234933806,0.00385027219045865));
#2137=CARTESIAN_POINT('',(0.0534929910154448,0.00514301234933807,0.00714982897887736));
#2138=CARTESIAN_POINT('',(0.0534929910154448,0.00419051234933806,0.005500050584668));
#2139=CARTESIAN_POINT('',(0.0534929910154448,0.00228551234933806,0.005500050584668));
#2140=CARTESIAN_POINT('',(0.011508022606045,-0.008469995084633,0.005258050800102));
#2141=CARTESIAN_POINT('',(0.021143022770688,-0.008469995084633,0.005751890300102));
#2142=CARTESIAN_POINT('',(0.021143022770688,-0.008469995084633,0.010846050800102));
#2143=CARTESIAN_POINT('',(0.021143022770688,-0.008469995084633,0.000657729800102001));
#2144=CARTESIAN_POINT('',(0.0175955226883665,-0.008469995084633,0.000657729800102001));
#2145=CARTESIAN_POINT('',(0.014048022606045,-0.008469995084633,0.000657729800102001));
#2146=CARTESIAN_POINT('',(0.014048022606045,-0.008469995084633,0.005751890300102));
#2147=CARTESIAN_POINT('',(0.014048022606045,-0.008469995084633,0.010846050800102));
#2148=CARTESIAN_POINT('',(0.0175955226883665,-0.008469995084633,0.010846050800102));
#2149=CARTESIAN_POINT('',(0.011508022606045,-0.008469995084633,0.005258050800102));
#2150=CARTESIAN_POINT('',(0.0054205225237235,-0.008469995084633,0.010846050800102));
#2151=CARTESIAN_POINT('',(0.001873022441402,-0.008469995084633,0.010846050800102));
#2152=CARTESIAN_POINT('',(0.008968022606045,-0.008469995084633,0.010846050800102));
#2153=CARTESIAN_POINT('',(0.008968022606045,-0.008469995084633,0.005751890300102));
#2154=CARTESIAN_POINT('',(0.008968022606045,-0.008469995084633,0.000657729800102001));
#2155=CARTESIAN_POINT('',(0.0054205225237235,-0.008469995084633,0.000657729800102));
#2156=CARTESIAN_POINT('',(0.00187302244140201,-0.008469995084633,0.000657729800102));
#2157=CARTESIAN_POINT('',(0.001873022441402,-0.008469995084633,0.005751890300102));
#2158=CARTESIAN_POINT('',(0.011508022606045,-0.007882316484633,0.011433730600102));
#2159=CARTESIAN_POINT('',(0.0132329027393783,-0.00765487641796633,0.0116611706667687));
#2160=CARTESIAN_POINT('',(0.0183231425824736,-0.0112898764728473,0.00802617061188768));
#2161=CARTESIAN_POINT('',(0.021143022770688,-0.008469996284633,0.005751890300102));
#2162=CARTESIAN_POINT('',(0.0199605227432475,-0.0096524963120735,0.0018402298275425));
#2163=CARTESIAN_POINT('',(0.013460342806045,-0.007882316484633,0.012116050800102));
#2164=CARTESIAN_POINT('',(0.0152305226334855,-0.0096524963120735,0.0018402298275425));
#2165=CARTESIAN_POINT('',(0.0175955226883665,-0.008469996284633,0.000657729800102001));
#2166=CARTESIAN_POINT('',(0.001285342641402,-0.007882316484633,0.012116050800102));
#2167=CARTESIAN_POINT('',(0.005300676241402,-0.011897650084633,0.004085383600102));
#2168=CARTESIAN_POINT('',(0.0030555224688425,-0.0096524963120735,0.0096635507726615));
#2169=CARTESIAN_POINT('',(0.0054205225237235,-0.008469996284633,0.010846050800102));
#2170=CARTESIAN_POINT('',(0.007269969106045,-0.010168049784633,0.00914799730010201));
#2171=CARTESIAN_POINT('',(0.011508022606045,-0.007882316484633,7.00500001019986E-5));
#2172=CARTESIAN_POINT('',(0.007269969106045,-0.010168049784633,0.002355783300102));
#2173=CARTESIAN_POINT('',(0.008968022606045,-0.008469996284633,0.005751890300102));
#2174=MECHANICAL_DESIGN_GEOMETRIC_PRESENTATION_REPRESENTATION('',(#1295),
#2175);
#2175=(
GEOMETRIC_REPRESENTATION_CONTEXT(3)
GLOBAL_UNCERTAINTY_ASSIGNED_CONTEXT((#2176))
GLOBAL_UNIT_ASSIGNED_CONTEXT((#2179,#2178,#2177))
REPRESENTATION_CONTEXT('Case','TOP_LEVEL_ASSEMBLY_PART')
);
#2176=UNCERTAINTY_MEASURE_WITH_UNIT(LENGTH_MEASURE(1.E-8),#2179,
'DISTANCE_ACCURACY_VALUE','Maximum Tolerance applied to model');
#2177=(
NAMED_UNIT(*)
SI_UNIT($,.STERADIAN.)
SOLID_ANGLE_UNIT()
);
#2178=(
NAMED_UNIT(*)
PLANE_ANGLE_UNIT()
SI_UNIT($,.RADIAN.)
);
#2179=(
LENGTH_UNIT()
NAMED_UNIT(*)
SI_UNIT($,.METRE.)
);
#2180=PRODUCT_DEFINITION_SHAPE('','',#2181);
#2181=PRODUCT_DEFINITION('','',#2183,#2182);
#2182=PRODUCT_DEFINITION_CONTEXT('',#2189,'design');
#2183=PRODUCT_DEFINITION_FORMATION_WITH_SPECIFIED_SOURCE('','',#2185,
 .NOT_KNOWN.);
#2184=PRODUCT_RELATED_PRODUCT_CATEGORY('','',(#2185));
#2185=PRODUCT('Case','Case','Case',(#2187));
#2186=PRODUCT_CATEGORY('','');
#2187=PRODUCT_CONTEXT('',#2189,'mechanical');
#2188=APPLICATION_PROTOCOL_DEFINITION('international standard',
'ap242_managed_model_based_3d_engineering',2020,#2189);
#2189=APPLICATION_CONTEXT('managed model based 3d engineering');
ENDSEC;
END-ISO-10303-21;
